Domain,Area,Element,Item,Year,Source,Unit,Value
"Enteric Fermentation","Brazil","Stocks","Cattle, dairy","1961","FAO TIER 1","Head","7396200"
"Enteric Fermentation","Brazil","Emissions (CH4)","Cattle, dairy","1961","FAO TIER 1","kilotonnes","532.5264"
"Enteric Fermentation","Brazil","Stocks","Cattle, dairy","1962","FAO TIER 1","Head","7617600"
"Enteric Fermentation","Brazil","Emissions (CH4)","Cattle, dairy","1962","FAO TIER 1","kilotonnes","548.4672"
"Enteric Fermentation","Brazil","Stocks","Cattle, dairy","1963","FAO TIER 1","Head","7907600"
"Enteric Fermentation","Brazil","Emissions (CH4)","Cattle, dairy","1963","FAO TIER 1","kilotonnes","569.3472"
"Enteric Fermentation","Brazil","Stocks","Cattle, dairy","1964","FAO TIER 1","Head","7985500"
"Enteric Fermentation","Brazil","Emissions (CH4)","Cattle, dairy","1964","FAO TIER 1","kilotonnes","574.956"
"Enteric Fermentation","Brazil","Stocks","Cattle, dairy","1965","FAO TIER 1","Head","8416700"
"Enteric Fermentation","Brazil","Emissions (CH4)","Cattle, dairy","1965","FAO TIER 1","kilotonnes","606.0024"
"Enteric Fermentation","Brazil","Stocks","Cattle, dairy","1966","FAO TIER 1","Head","9050500"
"Enteric Fermentation","Brazil","Emissions (CH4)","Cattle, dairy","1966","FAO TIER 1","kilotonnes","651.636"
"Enteric Fermentation","Brazil","Stocks","Cattle, dairy","1967","FAO TIER 1","Head","8996900"
"Enteric Fermentation","Brazil","Emissions (CH4)","Cattle, dairy","1967","FAO TIER 1","kilotonnes","647.7768"
"Enteric Fermentation","Brazil","Stocks","Cattle, dairy","1968","FAO TIER 1","Head","8989600"
"Enteric Fermentation","Brazil","Emissions (CH4)","Cattle, dairy","1968","FAO TIER 1","kilotonnes","647.2512"
"Enteric Fermentation","Brazil","Stocks","Cattle, dairy","1969","FAO TIER 1","Head","9273900"
"Enteric Fermentation","Brazil","Emissions (CH4)","Cattle, dairy","1969","FAO TIER 1","kilotonnes","667.7208"
"Enteric Fermentation","Brazil","Stocks","Cattle, dairy","1970","FAO TIER 1","Head","9515000"
"Enteric Fermentation","Brazil","Emissions (CH4)","Cattle, dairy","1970","FAO TIER 1","kilotonnes","685.08"
"Enteric Fermentation","Brazil","Stocks","Cattle, dairy","1971","FAO TIER 1","Head","9880000"
"Enteric Fermentation","Brazil","Emissions (CH4)","Cattle, dairy","1971","FAO TIER 1","kilotonnes","711.36"
"Enteric Fermentation","Brazil","Stocks","Cattle, dairy","1972","FAO TIER 1","Head","10020000"
"Enteric Fermentation","Brazil","Emissions (CH4)","Cattle, dairy","1972","FAO TIER 1","kilotonnes","721.44"
"Enteric Fermentation","Brazil","Stocks","Cattle, dairy","1973","FAO TIER 1","Head","9750000"
"Enteric Fermentation","Brazil","Emissions (CH4)","Cattle, dairy","1973","FAO TIER 1","kilotonnes","702"
"Enteric Fermentation","Brazil","Stocks","Cattle, dairy","1974","FAO TIER 1","Head","10838540"
"Enteric Fermentation","Brazil","Emissions (CH4)","Cattle, dairy","1974","FAO TIER 1","kilotonnes","780.3749"
"Enteric Fermentation","Brazil","Stocks","Cattle, dairy","1975","FAO TIER 1","Head","12293660"
"Enteric Fermentation","Brazil","Emissions (CH4)","Cattle, dairy","1975","FAO TIER 1","kilotonnes","885.1435"
"Enteric Fermentation","Brazil","Stocks","Cattle, dairy","1976","FAO TIER 1","Head","12852014"
"Enteric Fermentation","Brazil","Emissions (CH4)","Cattle, dairy","1976","FAO TIER 1","kilotonnes","925.345"
"Enteric Fermentation","Brazil","Stocks","Cattle, dairy","1977","FAO TIER 1","Head","14138181"
"Enteric Fermentation","Brazil","Emissions (CH4)","Cattle, dairy","1977","FAO TIER 1","kilotonnes","1017.949"
"Enteric Fermentation","Brazil","Stocks","Cattle, dairy","1978","FAO TIER 1","Head","14150233"
"Enteric Fermentation","Brazil","Emissions (CH4)","Cattle, dairy","1978","FAO TIER 1","kilotonnes","1018.8168"
"Enteric Fermentation","Brazil","Stocks","Cattle, dairy","1979","FAO TIER 1","Head","14899088"
"Enteric Fermentation","Brazil","Emissions (CH4)","Cattle, dairy","1979","FAO TIER 1","kilotonnes","1072.7343"
"Enteric Fermentation","Brazil","Stocks","Cattle, dairy","1980","FAO TIER 1","Head","16512969"
"Enteric Fermentation","Brazil","Emissions (CH4)","Cattle, dairy","1980","FAO TIER 1","kilotonnes","1188.9338"
"Enteric Fermentation","Brazil","Stocks","Cattle, dairy","1981","FAO TIER 1","Head","16491672"
"Enteric Fermentation","Brazil","Emissions (CH4)","Cattle, dairy","1981","FAO TIER 1","kilotonnes","1187.4004"
"Enteric Fermentation","Brazil","Stocks","Cattle, dairy","1982","FAO TIER 1","Head","16386690"
"Enteric Fermentation","Brazil","Emissions (CH4)","Cattle, dairy","1982","FAO TIER 1","kilotonnes","1179.8417"
"Enteric Fermentation","Brazil","Stocks","Cattle, dairy","1983","FAO TIER 1","Head","16276361"
"Enteric Fermentation","Brazil","Emissions (CH4)","Cattle, dairy","1983","FAO TIER 1","kilotonnes","1171.898"
"Enteric Fermentation","Brazil","Stocks","Cattle, dairy","1984","FAO TIER 1","Head","16742910"
"Enteric Fermentation","Brazil","Emissions (CH4)","Cattle, dairy","1984","FAO TIER 1","kilotonnes","1205.4895"
"Enteric Fermentation","Brazil","Stocks","Cattle, dairy","1985","FAO TIER 1","Head","17000000"
"Enteric Fermentation","Brazil","Emissions (CH4)","Cattle, dairy","1985","FAO TIER 1","kilotonnes","1224"
"Enteric Fermentation","Brazil","Stocks","Cattle, dairy","1986","FAO TIER 1","Head","17600000"
"Enteric Fermentation","Brazil","Emissions (CH4)","Cattle, dairy","1986","FAO TIER 1","kilotonnes","1267.2"
"Enteric Fermentation","Brazil","Stocks","Cattle, dairy","1987","FAO TIER 1","Head","17774144"
"Enteric Fermentation","Brazil","Emissions (CH4)","Cattle, dairy","1987","FAO TIER 1","kilotonnes","1279.7384"
"Enteric Fermentation","Brazil","Stocks","Cattle, dairy","1988","FAO TIER 1","Head","18053632"
"Enteric Fermentation","Brazil","Emissions (CH4)","Cattle, dairy","1988","FAO TIER 1","kilotonnes","1299.8615"
"Enteric Fermentation","Brazil","Stocks","Cattle, dairy","1989","FAO TIER 1","Head","18672992"
"Enteric Fermentation","Brazil","Emissions (CH4)","Cattle, dairy","1989","FAO TIER 1","kilotonnes","1344.4554"
"Enteric Fermentation","Brazil","Stocks","Cattle, dairy","1990","FAO TIER 1","Head","19072912"
"Enteric Fermentation","Brazil","Emissions (CH4)","Cattle, dairy","1990","FAO TIER 1","kilotonnes","1373.2497"
"Enteric Fermentation","Brazil","Stocks","Cattle, dairy","1991","FAO TIER 1","Head","19964100"
"Enteric Fermentation","Brazil","Emissions (CH4)","Cattle, dairy","1991","FAO TIER 1","kilotonnes","1437.4152"
"Enteric Fermentation","Brazil","Stocks","Cattle, dairy","1992","FAO TIER 1","Head","20476000"
"Enteric Fermentation","Brazil","Emissions (CH4)","Cattle, dairy","1992","FAO TIER 1","kilotonnes","1474.272"
"Enteric Fermentation","Brazil","Stocks","Cattle, dairy","1993","FAO TIER 1","Head","20023100"
"Enteric Fermentation","Brazil","Emissions (CH4)","Cattle, dairy","1993","FAO TIER 1","kilotonnes","1441.6632"
"Enteric Fermentation","Brazil","Stocks","Cattle, dairy","1994","FAO TIER 1","Head","20068300"
"Enteric Fermentation","Brazil","Emissions (CH4)","Cattle, dairy","1994","FAO TIER 1","kilotonnes","1444.9176"
"Enteric Fermentation","Brazil","Stocks","Cattle, dairy","1995","FAO TIER 1","Head","20579212"
"Enteric Fermentation","Brazil","Emissions (CH4)","Cattle, dairy","1995","FAO TIER 1","kilotonnes","1481.7033"
"Enteric Fermentation","Brazil","Stocks","Cattle, dairy","1996","FAO TIER 1","Head","16273667"
"Enteric Fermentation","Brazil","Emissions (CH4)","Cattle, dairy","1996","FAO TIER 1","kilotonnes","1171.704"
"Enteric Fermentation","Brazil","Stocks","Cattle, dairy","1997","FAO TIER 1","Head","17048232"
"Enteric Fermentation","Brazil","Emissions (CH4)","Cattle, dairy","1997","FAO TIER 1","kilotonnes","1227.4727"
"Enteric Fermentation","Brazil","Stocks","Cattle, dairy","1998","FAO TIER 1","Head","17280606"
"Enteric Fermentation","Brazil","Emissions (CH4)","Cattle, dairy","1998","FAO TIER 1","kilotonnes","1244.2036"
"Enteric Fermentation","Brazil","Stocks","Cattle, dairy","1999","FAO TIER 1","Head","17395658"
"Enteric Fermentation","Brazil","Emissions (CH4)","Cattle, dairy","1999","FAO TIER 1","kilotonnes","1252.4874"
"Enteric Fermentation","Brazil","Stocks","Cattle, dairy","2000","FAO TIER 1","Head","17885020"
"Enteric Fermentation","Brazil","Emissions (CH4)","Cattle, dairy","2000","FAO TIER 1","kilotonnes","1287.7214"
"Enteric Fermentation","Brazil","Stocks","Cattle, dairy","2001","FAO TIER 1","Head","18193952"
"Enteric Fermentation","Brazil","Emissions (CH4)","Cattle, dairy","2001","FAO TIER 1","kilotonnes","1309.9645"
"Enteric Fermentation","Brazil","Stocks","Cattle, dairy","2002","FAO TIER 1","Head","19005200"
"Enteric Fermentation","Brazil","Emissions (CH4)","Cattle, dairy","2002","FAO TIER 1","kilotonnes","1368.3744"
"Enteric Fermentation","Brazil","Stocks","Cattle, dairy","2003","FAO TIER 1","Head","19255642"
"Enteric Fermentation","Brazil","Emissions (CH4)","Cattle, dairy","2003","FAO TIER 1","kilotonnes","1386.4062"
"Enteric Fermentation","Brazil","Stocks","Cattle, dairy","2004","FAO TIER 1","Head","20022724"
"Enteric Fermentation","Brazil","Emissions (CH4)","Cattle, dairy","2004","FAO TIER 1","kilotonnes","1441.6361"
"Enteric Fermentation","Brazil","Stocks","Cattle, dairy","2005","FAO TIER 1","Head","20625924"
"Enteric Fermentation","Brazil","Emissions (CH4)","Cattle, dairy","2005","FAO TIER 1","kilotonnes","1485.0665"
"Enteric Fermentation","Brazil","Stocks","Cattle, dairy","2006","FAO TIER 1","Head","20942812"
"Enteric Fermentation","Brazil","Emissions (CH4)","Cattle, dairy","2006","FAO TIER 1","kilotonnes","1507.8825"
"Enteric Fermentation","Brazil","Stocks","Cattle, dairy","2007","FAO TIER 1","Head","21122318"
"Enteric Fermentation","Brazil","Emissions (CH4)","Cattle, dairy","2007","FAO TIER 1","kilotonnes","1520.8069"
"Enteric Fermentation","Brazil","Stocks","Cattle, dairy","2008","FAO TIER 1","Head","21585280"
"Enteric Fermentation","Brazil","Emissions (CH4)","Cattle, dairy","2008","FAO TIER 1","kilotonnes","1554.1402"
"Enteric Fermentation","Brazil","Stocks","Cattle, dairy","2009","FAO TIER 1","Head","22435289"
"Enteric Fermentation","Brazil","Emissions (CH4)","Cattle, dairy","2009","FAO TIER 1","kilotonnes","1615.3408"
"Enteric Fermentation","Brazil","Stocks","Cattle, dairy","2010","FAO TIER 1","Head","22924914"
"Enteric Fermentation","Brazil","Emissions (CH4)","Cattle, dairy","2010","FAO TIER 1","kilotonnes","1650.5938"
"Enteric Fermentation","Brazil","Stocks","Cattle, dairy","2011","FAO TIER 1","Head","23229193"
"Enteric Fermentation","Brazil","Emissions (CH4)","Cattle, dairy","2011","FAO TIER 1","kilotonnes","1672.5019"
"Enteric Fermentation","Brazil","Stocks","Cattle, dairy","2012","FAO TIER 1","Head","22803519"
"Enteric Fermentation","Brazil","Emissions (CH4)","Cattle, dairy","2012","FAO TIER 1","kilotonnes","1641.8534"
"Enteric Fermentation","Brazil","Stocks","Cattle, dairy","2013","FAO TIER 1","Head","22954537"
"Enteric Fermentation","Brazil","Emissions (CH4)","Cattle, dairy","2013","FAO TIER 1","kilotonnes","1652.7267"
"Enteric Fermentation","Brazil","Stocks","Cattle, dairy","2014","FAO TIER 1","Head","23027951"
"Enteric Fermentation","Brazil","Emissions (CH4)","Cattle, dairy","2014","FAO TIER 1","kilotonnes","1658.0125"
"Enteric Fermentation","Brazil","Stocks","Cattle, dairy","2015","FAO TIER 1","Head","21110916"
"Enteric Fermentation","Brazil","Emissions (CH4)","Cattle, dairy","2015","FAO TIER 1","kilotonnes","1519.986"
"Enteric Fermentation","Brazil","Stocks","Cattle, dairy","2016","FAO TIER 1","Head","19559095"
"Enteric Fermentation","Brazil","Emissions (CH4)","Cattle, dairy","2016","FAO TIER 1","kilotonnes","1408.2548"
"Enteric Fermentation","Brazil","Stocks","Cattle, dairy","2017","FAO TIER 1","Head","16851782"
"Enteric Fermentation","Brazil","Emissions (CH4)","Cattle, dairy","2017","FAO TIER 1","kilotonnes","1213.3283"
"Enteric Fermentation","Brazil","Stocks","Cattle, non-dairy","1961","FAO TIER 1","Head","48645112"
"Enteric Fermentation","Brazil","Emissions (CH4)","Cattle, non-dairy","1961","FAO TIER 1","kilotonnes","2724.1263"
"Enteric Fermentation","Brazil","Stocks","Cattle, non-dairy","1962","FAO TIER 1","Head","50122288"
"Enteric Fermentation","Brazil","Emissions (CH4)","Cattle, non-dairy","1962","FAO TIER 1","kilotonnes","2806.8481"
"Enteric Fermentation","Brazil","Stocks","Cattle, non-dairy","1963","FAO TIER 1","Head","51795440"
"Enteric Fermentation","Brazil","Emissions (CH4)","Cattle, non-dairy","1963","FAO TIER 1","kilotonnes","2900.5446"
"Enteric Fermentation","Brazil","Stocks","Cattle, non-dairy","1964","FAO TIER 1","Head","53747444"
"Enteric Fermentation","Brazil","Emissions (CH4)","Cattle, non-dairy","1964","FAO TIER 1","kilotonnes","3009.8569"
"Enteric Fermentation","Brazil","Stocks","Cattle, non-dairy","1965","FAO TIER 1","Head","55415156"
"Enteric Fermentation","Brazil","Emissions (CH4)","Cattle, non-dairy","1965","FAO TIER 1","kilotonnes","3103.2487"
"Enteric Fermentation","Brazil","Stocks","Cattle, non-dairy","1966","FAO TIER 1","Head","56951644"
"Enteric Fermentation","Brazil","Emissions (CH4)","Cattle, non-dairy","1966","FAO TIER 1","kilotonnes","3189.2921"
"Enteric Fermentation","Brazil","Stocks","Cattle, non-dairy","1967","FAO TIER 1","Head","59249324"
"Enteric Fermentation","Brazil","Emissions (CH4)","Cattle, non-dairy","1967","FAO TIER 1","kilotonnes","3317.9621"
"Enteric Fermentation","Brazil","Stocks","Cattle, non-dairy","1968","FAO TIER 1","Head","61577008"
"Enteric Fermentation","Brazil","Emissions (CH4)","Cattle, non-dairy","1968","FAO TIER 1","kilotonnes","3448.3124"
"Enteric Fermentation","Brazil","Stocks","Cattle, non-dairy","1969","FAO TIER 1","Head","63691956"
"Enteric Fermentation","Brazil","Emissions (CH4)","Cattle, non-dairy","1969","FAO TIER 1","kilotonnes","3566.7495"
"Enteric Fermentation","Brazil","Stocks","Cattle, non-dairy","1970","FAO TIER 1","Head","65931704"
"Enteric Fermentation","Brazil","Emissions (CH4)","Cattle, non-dairy","1970","FAO TIER 1","kilotonnes","3692.1754"
"Enteric Fermentation","Brazil","Stocks","Cattle, non-dairy","1971","FAO TIER 1","Head","68682256"
"Enteric Fermentation","Brazil","Emissions (CH4)","Cattle, non-dairy","1971","FAO TIER 1","kilotonnes","3846.2063"
"Enteric Fermentation","Brazil","Stocks","Cattle, non-dairy","1972","FAO TIER 1","Head","72980000"
"Enteric Fermentation","Brazil","Emissions (CH4)","Cattle, non-dairy","1972","FAO TIER 1","kilotonnes","4086.88"
"Enteric Fermentation","Brazil","Stocks","Cattle, non-dairy","1973","FAO TIER 1","Head","75750000"
"Enteric Fermentation","Brazil","Emissions (CH4)","Cattle, non-dairy","1973","FAO TIER 1","kilotonnes","4242"
"Enteric Fermentation","Brazil","Stocks","Cattle, non-dairy","1974","FAO TIER 1","Head","79598468"
"Enteric Fermentation","Brazil","Emissions (CH4)","Cattle, non-dairy","1974","FAO TIER 1","kilotonnes","4457.5142"
"Enteric Fermentation","Brazil","Stocks","Cattle, non-dairy","1975","FAO TIER 1","Head","80201700"
"Enteric Fermentation","Brazil","Emissions (CH4)","Cattle, non-dairy","1975","FAO TIER 1","kilotonnes","4491.2952"
"Enteric Fermentation","Brazil","Stocks","Cattle, non-dairy","1976","FAO TIER 1","Head","88821986"
"Enteric Fermentation","Brazil","Emissions (CH4)","Cattle, non-dairy","1976","FAO TIER 1","kilotonnes","4974.0312"
"Enteric Fermentation","Brazil","Stocks","Cattle, non-dairy","1977","FAO TIER 1","Head","93158379"
"Enteric Fermentation","Brazil","Emissions (CH4)","Cattle, non-dairy","1977","FAO TIER 1","kilotonnes","5216.8692"
"Enteric Fermentation","Brazil","Stocks","Cattle, non-dairy","1978","FAO TIER 1","Head","92792327"
"Enteric Fermentation","Brazil","Emissions (CH4)","Cattle, non-dairy","1978","FAO TIER 1","kilotonnes","5196.3703"
"Enteric Fermentation","Brazil","Stocks","Cattle, non-dairy","1979","FAO TIER 1","Head","94278400"
"Enteric Fermentation","Brazil","Emissions (CH4)","Cattle, non-dairy","1979","FAO TIER 1","kilotonnes","5279.5904"
"Enteric Fermentation","Brazil","Stocks","Cattle, non-dairy","1980","FAO TIER 1","Head","102458455"
"Enteric Fermentation","Brazil","Emissions (CH4)","Cattle, non-dairy","1980","FAO TIER 1","kilotonnes","5737.6735"
"Enteric Fermentation","Brazil","Stocks","Cattle, non-dairy","1981","FAO TIER 1","Head","105293336"
"Enteric Fermentation","Brazil","Emissions (CH4)","Cattle, non-dairy","1981","FAO TIER 1","kilotonnes","5896.4268"
"Enteric Fermentation","Brazil","Stocks","Cattle, non-dairy","1982","FAO TIER 1","Head","107101310"
"Enteric Fermentation","Brazil","Emissions (CH4)","Cattle, non-dairy","1982","FAO TIER 1","kilotonnes","5997.6734"
"Enteric Fermentation","Brazil","Stocks","Cattle, non-dairy","1983","FAO TIER 1","Head","107909639"
"Enteric Fermentation","Brazil","Emissions (CH4)","Cattle, non-dairy","1983","FAO TIER 1","kilotonnes","6042.9398"
"Enteric Fermentation","Brazil","Stocks","Cattle, non-dairy","1984","FAO TIER 1","Head","110912098"
"Enteric Fermentation","Brazil","Emissions (CH4)","Cattle, non-dairy","1984","FAO TIER 1","kilotonnes","6211.0775"
"Enteric Fermentation","Brazil","Stocks","Cattle, non-dairy","1985","FAO TIER 1","Head","111422672"
"Enteric Fermentation","Brazil","Emissions (CH4)","Cattle, non-dairy","1985","FAO TIER 1","kilotonnes","6239.6696"
"Enteric Fermentation","Brazil","Stocks","Cattle, non-dairy","1986","FAO TIER 1","Head","114621568"
"Enteric Fermentation","Brazil","Emissions (CH4)","Cattle, non-dairy","1986","FAO TIER 1","kilotonnes","6418.8078"
"Enteric Fermentation","Brazil","Stocks","Cattle, non-dairy","1987","FAO TIER 1","Head","117946144"
"Enteric Fermentation","Brazil","Emissions (CH4)","Cattle, non-dairy","1987","FAO TIER 1","kilotonnes","6604.9841"
"Enteric Fermentation","Brazil","Stocks","Cattle, non-dairy","1988","FAO TIER 1","Head","121545472"
"Enteric Fermentation","Brazil","Emissions (CH4)","Cattle, non-dairy","1988","FAO TIER 1","kilotonnes","6806.5464"
"Enteric Fermentation","Brazil","Stocks","Cattle, non-dairy","1989","FAO TIER 1","Head","125481104"
"Enteric Fermentation","Brazil","Emissions (CH4)","Cattle, non-dairy","1989","FAO TIER 1","kilotonnes","7026.9418"
"Enteric Fermentation","Brazil","Stocks","Cattle, non-dairy","1990","FAO TIER 1","Head","128029408"
"Enteric Fermentation","Brazil","Emissions (CH4)","Cattle, non-dairy","1990","FAO TIER 1","kilotonnes","7169.6468"
"Enteric Fermentation","Brazil","Stocks","Cattle, non-dairy","1991","FAO TIER 1","Head","132171405"
"Enteric Fermentation","Brazil","Emissions (CH4)","Cattle, non-dairy","1991","FAO TIER 1","kilotonnes","7401.5987"
"Enteric Fermentation","Brazil","Stocks","Cattle, non-dairy","1992","FAO TIER 1","Head","133753303"
"Enteric Fermentation","Brazil","Emissions (CH4)","Cattle, non-dairy","1992","FAO TIER 1","kilotonnes","7490.185"
"Enteric Fermentation","Brazil","Stocks","Cattle, non-dairy","1993","FAO TIER 1","Head","135110974"
"Enteric Fermentation","Brazil","Emissions (CH4)","Cattle, non-dairy","1993","FAO TIER 1","kilotonnes","7566.2145"
"Enteric Fermentation","Brazil","Stocks","Cattle, non-dairy","1994","FAO TIER 1","Head","138174929"
"Enteric Fermentation","Brazil","Emissions (CH4)","Cattle, non-dairy","1994","FAO TIER 1","kilotonnes","7737.796"
"Enteric Fermentation","Brazil","Stocks","Cattle, non-dairy","1995","FAO TIER 1","Head","140648726"
"Enteric Fermentation","Brazil","Emissions (CH4)","Cattle, non-dairy","1995","FAO TIER 1","kilotonnes","7876.3287"
"Enteric Fermentation","Brazil","Stocks","Cattle, non-dairy","1996","FAO TIER 1","Head","142014873"
"Enteric Fermentation","Brazil","Emissions (CH4)","Cattle, non-dairy","1996","FAO TIER 1","kilotonnes","7952.8329"
"Enteric Fermentation","Brazil","Stocks","Cattle, non-dairy","1997","FAO TIER 1","Head","144367925"
"Enteric Fermentation","Brazil","Emissions (CH4)","Cattle, non-dairy","1997","FAO TIER 1","kilotonnes","8084.6038"
"Enteric Fermentation","Brazil","Stocks","Cattle, non-dairy","1998","FAO TIER 1","Head","145873751"
"Enteric Fermentation","Brazil","Emissions (CH4)","Cattle, non-dairy","1998","FAO TIER 1","kilotonnes","8168.9301"
"Enteric Fermentation","Brazil","Stocks","Cattle, non-dairy","1999","FAO TIER 1","Head","147225380"
"Enteric Fermentation","Brazil","Emissions (CH4)","Cattle, non-dairy","1999","FAO TIER 1","kilotonnes","8244.6213"
"Enteric Fermentation","Brazil","Stocks","Cattle, non-dairy","2000","FAO TIER 1","Head","151990504"
"Enteric Fermentation","Brazil","Emissions (CH4)","Cattle, non-dairy","2000","FAO TIER 1","kilotonnes","8511.4682"
"Enteric Fermentation","Brazil","Stocks","Cattle, non-dairy","2001","FAO TIER 1","Head","158194774"
"Enteric Fermentation","Brazil","Emissions (CH4)","Cattle, non-dairy","2001","FAO TIER 1","kilotonnes","8858.9073"
"Enteric Fermentation","Brazil","Stocks","Cattle, non-dairy","2002","FAO TIER 1","Head","166343638"
"Enteric Fermentation","Brazil","Emissions (CH4)","Cattle, non-dairy","2002","FAO TIER 1","kilotonnes","9315.2437"
"Enteric Fermentation","Brazil","Stocks","Cattle, non-dairy","2003","FAO TIER 1","Head","176295934"
"Enteric Fermentation","Brazil","Emissions (CH4)","Cattle, non-dairy","2003","FAO TIER 1","kilotonnes","9872.5723"
"Enteric Fermentation","Brazil","Stocks","Cattle, non-dairy","2004","FAO TIER 1","Head","184490013"
"Enteric Fermentation","Brazil","Emissions (CH4)","Cattle, non-dairy","2004","FAO TIER 1","kilotonnes","10331.4407"
"Enteric Fermentation","Brazil","Stocks","Cattle, non-dairy","2005","FAO TIER 1","Head","186530772"
"Enteric Fermentation","Brazil","Emissions (CH4)","Cattle, non-dairy","2005","FAO TIER 1","kilotonnes","10445.7232"
"Enteric Fermentation","Brazil","Stocks","Cattle, non-dairy","2006","FAO TIER 1","Head","184943432"
"Enteric Fermentation","Brazil","Emissions (CH4)","Cattle, non-dairy","2006","FAO TIER 1","kilotonnes","10356.8322"
"Enteric Fermentation","Brazil","Stocks","Cattle, non-dairy","2007","FAO TIER 1","Head","178629696"
"Enteric Fermentation","Brazil","Emissions (CH4)","Cattle, non-dairy","2007","FAO TIER 1","kilotonnes","10003.263"
"Enteric Fermentation","Brazil","Stocks","Cattle, non-dairy","2008","FAO TIER 1","Head","180721451"
"Enteric Fermentation","Brazil","Emissions (CH4)","Cattle, non-dairy","2008","FAO TIER 1","kilotonnes","10120.4013"
"Enteric Fermentation","Brazil","Stocks","Cattle, non-dairy","2009","FAO TIER 1","Head","182872665"
"Enteric Fermentation","Brazil","Emissions (CH4)","Cattle, non-dairy","2009","FAO TIER 1","kilotonnes","10240.8692"
"Enteric Fermentation","Brazil","Stocks","Cattle, non-dairy","2010","FAO TIER 1","Head","186616195"
"Enteric Fermentation","Brazil","Emissions (CH4)","Cattle, non-dairy","2010","FAO TIER 1","kilotonnes","10450.5069"
"Enteric Fermentation","Brazil","Stocks","Cattle, non-dairy","2011","FAO TIER 1","Head","189586118"
"Enteric Fermentation","Brazil","Emissions (CH4)","Cattle, non-dairy","2011","FAO TIER 1","kilotonnes","10616.8226"
"Enteric Fermentation","Brazil","Stocks","Cattle, non-dairy","2012","FAO TIER 1","Head","188475563"
"Enteric Fermentation","Brazil","Emissions (CH4)","Cattle, non-dairy","2012","FAO TIER 1","kilotonnes","10554.6315"
"Enteric Fermentation","Brazil","Stocks","Cattle, non-dairy","2013","FAO TIER 1","Head","188809755"
"Enteric Fermentation","Brazil","Emissions (CH4)","Cattle, non-dairy","2013","FAO TIER 1","kilotonnes","10573.3463"
"Enteric Fermentation","Brazil","Stocks","Cattle, non-dairy","2014","FAO TIER 1","Head","189338181"
"Enteric Fermentation","Brazil","Emissions (CH4)","Cattle, non-dairy","2014","FAO TIER 1","kilotonnes","10602.9381"
"Enteric Fermentation","Brazil","Stocks","Cattle, non-dairy","2015","FAO TIER 1","Head","194109592"
"Enteric Fermentation","Brazil","Emissions (CH4)","Cattle, non-dairy","2015","FAO TIER 1","kilotonnes","10870.1372"
"Enteric Fermentation","Brazil","Stocks","Cattle, non-dairy","2016","FAO TIER 1","Head","198631673"
"Enteric Fermentation","Brazil","Emissions (CH4)","Cattle, non-dairy","2016","FAO TIER 1","kilotonnes","11123.3737"
"Enteric Fermentation","Brazil","Stocks","Cattle, non-dairy","2017","FAO TIER 1","Head","198151796"
"Enteric Fermentation","Brazil","Emissions (CH4)","Cattle, non-dairy","2017","FAO TIER 1","kilotonnes","11096.5006"
"Enteric Fermentation","China","Stocks","Cattle, dairy","1961","FAO TIER 1","Head","506557"
"Enteric Fermentation","China","Emissions (CH4)","Cattle, dairy","1961","FAO TIER 1","kilotonnes","34.4459"
"Enteric Fermentation","China","Stocks","Cattle, dairy","1962","FAO TIER 1","Head","526918"
"Enteric Fermentation","China","Emissions (CH4)","Cattle, dairy","1962","FAO TIER 1","kilotonnes","35.8304"
"Enteric Fermentation","China","Stocks","Cattle, dairy","1963","FAO TIER 1","Head","537816"
"Enteric Fermentation","China","Emissions (CH4)","Cattle, dairy","1963","FAO TIER 1","kilotonnes","36.5715"
"Enteric Fermentation","China","Stocks","Cattle, dairy","1964","FAO TIER 1","Head","547859"
"Enteric Fermentation","China","Emissions (CH4)","Cattle, dairy","1964","FAO TIER 1","kilotonnes","37.2544"
"Enteric Fermentation","China","Stocks","Cattle, dairy","1965","FAO TIER 1","Head","558861"
"Enteric Fermentation","China","Emissions (CH4)","Cattle, dairy","1965","FAO TIER 1","kilotonnes","38.0025"
"Enteric Fermentation","China","Stocks","Cattle, dairy","1966","FAO TIER 1","Head","559255"
"Enteric Fermentation","China","Emissions (CH4)","Cattle, dairy","1966","FAO TIER 1","kilotonnes","38.0293"
"Enteric Fermentation","China","Stocks","Cattle, dairy","1967","FAO TIER 1","Head","539663"
"Enteric Fermentation","China","Emissions (CH4)","Cattle, dairy","1967","FAO TIER 1","kilotonnes","36.6971"
"Enteric Fermentation","China","Stocks","Cattle, dairy","1968","FAO TIER 1","Head","509765"
"Enteric Fermentation","China","Emissions (CH4)","Cattle, dairy","1968","FAO TIER 1","kilotonnes","34.664"
"Enteric Fermentation","China","Stocks","Cattle, dairy","1969","FAO TIER 1","Head","490418"
"Enteric Fermentation","China","Emissions (CH4)","Cattle, dairy","1969","FAO TIER 1","kilotonnes","33.3484"
"Enteric Fermentation","China","Stocks","Cattle, dairy","1970","FAO TIER 1","Head","510776"
"Enteric Fermentation","China","Emissions (CH4)","Cattle, dairy","1970","FAO TIER 1","kilotonnes","34.7328"
"Enteric Fermentation","China","Stocks","Cattle, dairy","1971","FAO TIER 1","Head","546939"
"Enteric Fermentation","China","Emissions (CH4)","Cattle, dairy","1971","FAO TIER 1","kilotonnes","37.1919"
"Enteric Fermentation","China","Stocks","Cattle, dairy","1972","FAO TIER 1","Head","574719"
"Enteric Fermentation","China","Emissions (CH4)","Cattle, dairy","1972","FAO TIER 1","kilotonnes","39.0809"
"Enteric Fermentation","China","Stocks","Cattle, dairy","1973","FAO TIER 1","Head","598536"
"Enteric Fermentation","China","Emissions (CH4)","Cattle, dairy","1973","FAO TIER 1","kilotonnes","40.7004"
"Enteric Fermentation","China","Stocks","Cattle, dairy","1974","FAO TIER 1","Head","643884"
"Enteric Fermentation","China","Emissions (CH4)","Cattle, dairy","1974","FAO TIER 1","kilotonnes","43.7841"
"Enteric Fermentation","China","Stocks","Cattle, dairy","1975","FAO TIER 1","Head","677798"
"Enteric Fermentation","China","Emissions (CH4)","Cattle, dairy","1975","FAO TIER 1","kilotonnes","46.0903"
"Enteric Fermentation","China","Stocks","Cattle, dairy","1976","FAO TIER 1","Head","710590"
"Enteric Fermentation","China","Emissions (CH4)","Cattle, dairy","1976","FAO TIER 1","kilotonnes","48.3201"
"Enteric Fermentation","China","Stocks","Cattle, dairy","1977","FAO TIER 1","Head","725396"
"Enteric Fermentation","China","Emissions (CH4)","Cattle, dairy","1977","FAO TIER 1","kilotonnes","49.3269"
"Enteric Fermentation","China","Stocks","Cattle, dairy","1978","FAO TIER 1","Head","710319"
"Enteric Fermentation","China","Emissions (CH4)","Cattle, dairy","1978","FAO TIER 1","kilotonnes","48.3017"
"Enteric Fermentation","China","Stocks","Cattle, dairy","1979","FAO TIER 1","Head","501647"
"Enteric Fermentation","China","Emissions (CH4)","Cattle, dairy","1979","FAO TIER 1","kilotonnes","34.112"
"Enteric Fermentation","China","Stocks","Cattle, dairy","1980","FAO TIER 1","Head","673280"
"Enteric Fermentation","China","Emissions (CH4)","Cattle, dairy","1980","FAO TIER 1","kilotonnes","45.783"
"Enteric Fermentation","China","Stocks","Cattle, dairy","1981","FAO TIER 1","Head","730656"
"Enteric Fermentation","China","Emissions (CH4)","Cattle, dairy","1981","FAO TIER 1","kilotonnes","49.6846"
"Enteric Fermentation","China","Stocks","Cattle, dairy","1982","FAO TIER 1","Head","851593"
"Enteric Fermentation","China","Emissions (CH4)","Cattle, dairy","1982","FAO TIER 1","kilotonnes","57.9083"
"Enteric Fermentation","China","Stocks","Cattle, dairy","1983","FAO TIER 1","Head","987147"
"Enteric Fermentation","China","Emissions (CH4)","Cattle, dairy","1983","FAO TIER 1","kilotonnes","67.126"
"Enteric Fermentation","China","Stocks","Cattle, dairy","1984","FAO TIER 1","Head","1376485"
"Enteric Fermentation","China","Emissions (CH4)","Cattle, dairy","1984","FAO TIER 1","kilotonnes","93.601"
"Enteric Fermentation","China","Stocks","Cattle, dairy","1985","FAO TIER 1","Head","1680260"
"Enteric Fermentation","China","Emissions (CH4)","Cattle, dairy","1985","FAO TIER 1","kilotonnes","114.2577"
"Enteric Fermentation","China","Stocks","Cattle, dairy","1986","FAO TIER 1","Head","1908086"
"Enteric Fermentation","China","Emissions (CH4)","Cattle, dairy","1986","FAO TIER 1","kilotonnes","129.7498"
"Enteric Fermentation","China","Stocks","Cattle, dairy","1987","FAO TIER 1","Head","2238610"
"Enteric Fermentation","China","Emissions (CH4)","Cattle, dairy","1987","FAO TIER 1","kilotonnes","152.2255"
"Enteric Fermentation","China","Stocks","Cattle, dairy","1988","FAO TIER 1","Head","2305377"
"Enteric Fermentation","China","Emissions (CH4)","Cattle, dairy","1988","FAO TIER 1","kilotonnes","156.7656"
"Enteric Fermentation","China","Stocks","Cattle, dairy","1989","FAO TIER 1","Head","2613819"
"Enteric Fermentation","China","Emissions (CH4)","Cattle, dairy","1989","FAO TIER 1","kilotonnes","177.7397"
"Enteric Fermentation","China","Stocks","Cattle, dairy","1990","FAO TIER 1","Head","2782624"
"Enteric Fermentation","China","Emissions (CH4)","Cattle, dairy","1990","FAO TIER 1","kilotonnes","189.2184"
"Enteric Fermentation","China","Stocks","Cattle, dairy","1991","FAO TIER 1","Head","3067291"
"Enteric Fermentation","China","Emissions (CH4)","Cattle, dairy","1991","FAO TIER 1","kilotonnes","208.5758"
"Enteric Fermentation","China","Stocks","Cattle, dairy","1992","FAO TIER 1","Head","3361133"
"Enteric Fermentation","China","Emissions (CH4)","Cattle, dairy","1992","FAO TIER 1","kilotonnes","228.557"
"Enteric Fermentation","China","Stocks","Cattle, dairy","1993","FAO TIER 1","Head","3417222"
"Enteric Fermentation","China","Emissions (CH4)","Cattle, dairy","1993","FAO TIER 1","kilotonnes","232.3711"
"Enteric Fermentation","China","Stocks","Cattle, dairy","1994","FAO TIER 1","Head","3569656"
"Enteric Fermentation","China","Emissions (CH4)","Cattle, dairy","1994","FAO TIER 1","kilotonnes","242.7366"
"Enteric Fermentation","China","Stocks","Cattle, dairy","1995","FAO TIER 1","Head","3901966"
"Enteric Fermentation","China","Emissions (CH4)","Cattle, dairy","1995","FAO TIER 1","kilotonnes","265.3337"
"Enteric Fermentation","China","Stocks","Cattle, dairy","1996","FAO TIER 1","Head","4238531"
"Enteric Fermentation","China","Emissions (CH4)","Cattle, dairy","1996","FAO TIER 1","kilotonnes","288.2201"
"Enteric Fermentation","China","Stocks","Cattle, dairy","1997","FAO TIER 1","Head","4532926"
"Enteric Fermentation","China","Emissions (CH4)","Cattle, dairy","1997","FAO TIER 1","kilotonnes","308.239"
"Enteric Fermentation","China","Stocks","Cattle, dairy","1998","FAO TIER 1","Head","4660374"
"Enteric Fermentation","China","Emissions (CH4)","Cattle, dairy","1998","FAO TIER 1","kilotonnes","316.9054"
"Enteric Fermentation","China","Stocks","Cattle, dairy","1999","FAO TIER 1","Head","4744577"
"Enteric Fermentation","China","Emissions (CH4)","Cattle, dairy","1999","FAO TIER 1","kilotonnes","322.6312"
"Enteric Fermentation","China","Stocks","Cattle, dairy","2000","FAO TIER 1","Head","4866275"
"Enteric Fermentation","China","Emissions (CH4)","Cattle, dairy","2000","FAO TIER 1","kilotonnes","330.9067"
"Enteric Fermentation","China","Stocks","Cattle, dairy","2001","FAO TIER 1","Head","4953220"
"Enteric Fermentation","China","Emissions (CH4)","Cattle, dairy","2001","FAO TIER 1","kilotonnes","336.819"
"Enteric Fermentation","China","Stocks","Cattle, dairy","2002","FAO TIER 1","Head","5727175"
"Enteric Fermentation","China","Emissions (CH4)","Cattle, dairy","2002","FAO TIER 1","kilotonnes","389.4479"
"Enteric Fermentation","China","Stocks","Cattle, dairy","2003","FAO TIER 1","Head","6937557"
"Enteric Fermentation","China","Emissions (CH4)","Cattle, dairy","2003","FAO TIER 1","kilotonnes","471.7539"
"Enteric Fermentation","China","Stocks","Cattle, dairy","2004","FAO TIER 1","Head","8991530"
"Enteric Fermentation","China","Emissions (CH4)","Cattle, dairy","2004","FAO TIER 1","kilotonnes","611.424"
"Enteric Fermentation","China","Stocks","Cattle, dairy","2005","FAO TIER 1","Head","11134660"
"Enteric Fermentation","China","Emissions (CH4)","Cattle, dairy","2005","FAO TIER 1","kilotonnes","757.1569"
"Enteric Fermentation","China","Stocks","Cattle, dairy","2006","FAO TIER 1","Head","12333215"
"Enteric Fermentation","China","Emissions (CH4)","Cattle, dairy","2006","FAO TIER 1","kilotonnes","838.6586"
"Enteric Fermentation","China","Stocks","Cattle, dairy","2007","FAO TIER 1","Head","12642304"
"Enteric Fermentation","China","Emissions (CH4)","Cattle, dairy","2007","FAO TIER 1","kilotonnes","859.6767"
"Enteric Fermentation","China","Stocks","Cattle, dairy","2008","FAO TIER 1","Head","12388123"
"Enteric Fermentation","China","Emissions (CH4)","Cattle, dairy","2008","FAO TIER 1","kilotonnes","842.3924"
"Enteric Fermentation","China","Stocks","Cattle, dairy","2009","FAO TIER 1","Head","12242575"
"Enteric Fermentation","China","Emissions (CH4)","Cattle, dairy","2009","FAO TIER 1","kilotonnes","832.4951"
"Enteric Fermentation","China","Stocks","Cattle, dairy","2010","FAO TIER 1","Head","12410190"
"Enteric Fermentation","China","Emissions (CH4)","Cattle, dairy","2010","FAO TIER 1","kilotonnes","843.8929"
"Enteric Fermentation","China","Stocks","Cattle, dairy","2011","FAO TIER 1","Head","12297316"
"Enteric Fermentation","China","Emissions (CH4)","Cattle, dairy","2011","FAO TIER 1","kilotonnes","836.2175"
"Enteric Fermentation","China","Stocks","Cattle, dairy","2012","FAO TIER 1","Head","12207216"
"Enteric Fermentation","China","Emissions (CH4)","Cattle, dairy","2012","FAO TIER 1","kilotonnes","830.0907"
"Enteric Fermentation","China","Stocks","Cattle, dairy","2013","FAO TIER 1","Head","12159165"
"Enteric Fermentation","China","Emissions (CH4)","Cattle, dairy","2013","FAO TIER 1","kilotonnes","826.8232"
"Enteric Fermentation","China","Stocks","Cattle, dairy","2014","FAO TIER 1","Head","12560520"
"Enteric Fermentation","China","Emissions (CH4)","Cattle, dairy","2014","FAO TIER 1","kilotonnes","854.1154"
"Enteric Fermentation","China","Stocks","Cattle, dairy","2015","FAO TIER 1","Head","11859123"
"Enteric Fermentation","China","Emissions (CH4)","Cattle, dairy","2015","FAO TIER 1","kilotonnes","806.4204"
"Enteric Fermentation","China","Stocks","Cattle, dairy","2016","FAO TIER 1","Head","12717879"
"Enteric Fermentation","China","Emissions (CH4)","Cattle, dairy","2016","FAO TIER 1","kilotonnes","864.8158"
"Enteric Fermentation","China","Stocks","Cattle, dairy","2017","FAO TIER 1","Head","12014621"
"Enteric Fermentation","China","Emissions (CH4)","Cattle, dairy","2017","FAO TIER 1","kilotonnes","816.9942"
"Enteric Fermentation","China","Stocks","Cattle, non-dairy","1961","FAO TIER 1","Head","49007500"
"Enteric Fermentation","China","Emissions (CH4)","Cattle, non-dairy","1961","FAO TIER 1","kilotonnes","2303.3525"
"Enteric Fermentation","China","Stocks","Cattle, non-dairy","1962","FAO TIER 1","Head","46348642"
"Enteric Fermentation","China","Emissions (CH4)","Cattle, non-dairy","1962","FAO TIER 1","kilotonnes","2178.3862"
"Enteric Fermentation","China","Stocks","Cattle, non-dairy","1963","FAO TIER 1","Head","46937691"
"Enteric Fermentation","China","Emissions (CH4)","Cattle, non-dairy","1963","FAO TIER 1","kilotonnes","2206.0715"
"Enteric Fermentation","China","Stocks","Cattle, non-dairy","1964","FAO TIER 1","Head","48508203"
"Enteric Fermentation","China","Emissions (CH4)","Cattle, non-dairy","1964","FAO TIER 1","kilotonnes","2279.8855"
"Enteric Fermentation","China","Stocks","Cattle, non-dairy","1965","FAO TIER 1","Head","51974591"
"Enteric Fermentation","China","Emissions (CH4)","Cattle, non-dairy","1965","FAO TIER 1","kilotonnes","2442.8058"
"Enteric Fermentation","China","Stocks","Cattle, non-dairy","1966","FAO TIER 1","Head","53130616"
"Enteric Fermentation","China","Emissions (CH4)","Cattle, non-dairy","1966","FAO TIER 1","kilotonnes","2497.139"
"Enteric Fermentation","China","Stocks","Cattle, non-dairy","1967","FAO TIER 1","Head","55526246"
"Enteric Fermentation","China","Emissions (CH4)","Cattle, non-dairy","1967","FAO TIER 1","kilotonnes","2609.7336"
"Enteric Fermentation","China","Stocks","Cattle, non-dairy","1968","FAO TIER 1","Head","56465535"
"Enteric Fermentation","China","Emissions (CH4)","Cattle, non-dairy","1968","FAO TIER 1","kilotonnes","2653.8801"
"Enteric Fermentation","China","Stocks","Cattle, non-dairy","1969","FAO TIER 1","Head","57347928"
"Enteric Fermentation","China","Emissions (CH4)","Cattle, non-dairy","1969","FAO TIER 1","kilotonnes","2695.3526"
"Enteric Fermentation","China","Stocks","Cattle, non-dairy","1970","FAO TIER 1","Head","57105429"
"Enteric Fermentation","China","Emissions (CH4)","Cattle, non-dairy","1970","FAO TIER 1","kilotonnes","2683.9552"
"Enteric Fermentation","China","Stocks","Cattle, non-dairy","1971","FAO TIER 1","Head","57061068"
"Enteric Fermentation","China","Emissions (CH4)","Cattle, non-dairy","1971","FAO TIER 1","kilotonnes","2681.8702"
"Enteric Fermentation","China","Stocks","Cattle, non-dairy","1972","FAO TIER 1","Head","57018252"
"Enteric Fermentation","China","Emissions (CH4)","Cattle, non-dairy","1972","FAO TIER 1","kilotonnes","2679.8578"
"Enteric Fermentation","China","Stocks","Cattle, non-dairy","1973","FAO TIER 1","Head","56511000"
"Enteric Fermentation","China","Emissions (CH4)","Cattle, non-dairy","1973","FAO TIER 1","kilotonnes","2656.017"
"Enteric Fermentation","China","Stocks","Cattle, non-dairy","1974","FAO TIER 1","Head","56145416"
"Enteric Fermentation","China","Emissions (CH4)","Cattle, non-dairy","1974","FAO TIER 1","kilotonnes","2638.8346"
"Enteric Fermentation","China","Stocks","Cattle, non-dairy","1975","FAO TIER 1","Head","56005105"
"Enteric Fermentation","China","Emissions (CH4)","Cattle, non-dairy","1975","FAO TIER 1","kilotonnes","2632.2399"
"Enteric Fermentation","China","Stocks","Cattle, non-dairy","1976","FAO TIER 1","Head","54975260"
"Enteric Fermentation","China","Emissions (CH4)","Cattle, non-dairy","1976","FAO TIER 1","kilotonnes","2583.8372"
"Enteric Fermentation","China","Stocks","Cattle, non-dairy","1977","FAO TIER 1","Head","53251540"
"Enteric Fermentation","China","Emissions (CH4)","Cattle, non-dairy","1977","FAO TIER 1","kilotonnes","2502.8224"
"Enteric Fermentation","China","Stocks","Cattle, non-dairy","1978","FAO TIER 1","Head","52125532"
"Enteric Fermentation","China","Emissions (CH4)","Cattle, non-dairy","1978","FAO TIER 1","kilotonnes","2449.9"
"Enteric Fermentation","China","Stocks","Cattle, non-dairy","1979","FAO TIER 1","Head","52123739"
"Enteric Fermentation","China","Emissions (CH4)","Cattle, non-dairy","1979","FAO TIER 1","kilotonnes","2449.8157"
"Enteric Fermentation","China","Stocks","Cattle, non-dairy","1980","FAO TIER 1","Head","51822933"
"Enteric Fermentation","China","Emissions (CH4)","Cattle, non-dairy","1980","FAO TIER 1","kilotonnes","2435.6779"
"Enteric Fermentation","China","Stocks","Cattle, non-dairy","1981","FAO TIER 1","Head","51869676"
"Enteric Fermentation","China","Emissions (CH4)","Cattle, non-dairy","1981","FAO TIER 1","kilotonnes","2437.8748"
"Enteric Fermentation","China","Stocks","Cattle, non-dairy","1982","FAO TIER 1","Head","53064221"
"Enteric Fermentation","China","Emissions (CH4)","Cattle, non-dairy","1982","FAO TIER 1","kilotonnes","2494.0184"
"Enteric Fermentation","China","Stocks","Cattle, non-dairy","1983","FAO TIER 1","Head","56024381"
"Enteric Fermentation","China","Emissions (CH4)","Cattle, non-dairy","1983","FAO TIER 1","kilotonnes","2633.1459"
"Enteric Fermentation","China","Stocks","Cattle, non-dairy","1984","FAO TIER 1","Head","57646161"
"Enteric Fermentation","China","Emissions (CH4)","Cattle, non-dairy","1984","FAO TIER 1","kilotonnes","2709.3696"
"Enteric Fermentation","China","Stocks","Cattle, non-dairy","1985","FAO TIER 1","Head","61033939"
"Enteric Fermentation","China","Emissions (CH4)","Cattle, non-dairy","1985","FAO TIER 1","kilotonnes","2868.5951"
"Enteric Fermentation","China","Stocks","Cattle, non-dairy","1986","FAO TIER 1","Head","65085200"
"Enteric Fermentation","China","Emissions (CH4)","Cattle, non-dairy","1986","FAO TIER 1","kilotonnes","3059.0044"
"Enteric Fermentation","China","Stocks","Cattle, non-dairy","1987","FAO TIER 1","Head","68726738"
"Enteric Fermentation","China","Emissions (CH4)","Cattle, non-dairy","1987","FAO TIER 1","kilotonnes","3230.1567"
"Enteric Fermentation","China","Stocks","Cattle, non-dairy","1988","FAO TIER 1","Head","70920899"
"Enteric Fermentation","China","Emissions (CH4)","Cattle, non-dairy","1988","FAO TIER 1","kilotonnes","3333.2823"
"Enteric Fermentation","China","Stocks","Cattle, non-dairy","1989","FAO TIER 1","Head","73643981"
"Enteric Fermentation","China","Emissions (CH4)","Cattle, non-dairy","1989","FAO TIER 1","kilotonnes","3461.2671"
"Enteric Fermentation","China","Stocks","Cattle, non-dairy","1990","FAO TIER 1","Head","75127051"
"Enteric Fermentation","China","Emissions (CH4)","Cattle, non-dairy","1990","FAO TIER 1","kilotonnes","3530.9714"
"Enteric Fermentation","China","Stocks","Cattle, non-dairy","1991","FAO TIER 1","Head","78260591"
"Enteric Fermentation","China","Emissions (CH4)","Cattle, non-dairy","1991","FAO TIER 1","kilotonnes","3678.2478"
"Enteric Fermentation","China","Stocks","Cattle, non-dairy","1992","FAO TIER 1","Head","79361815"
"Enteric Fermentation","China","Emissions (CH4)","Cattle, non-dairy","1992","FAO TIER 1","kilotonnes","3730.0053"
"Enteric Fermentation","China","Stocks","Cattle, non-dairy","1993","FAO TIER 1","Head","82366098"
"Enteric Fermentation","China","Emissions (CH4)","Cattle, non-dairy","1993","FAO TIER 1","kilotonnes","3871.2066"
"Enteric Fermentation","China","Stocks","Cattle, non-dairy","1994","FAO TIER 1","Head","87338656"
"Enteric Fermentation","China","Emissions (CH4)","Cattle, non-dairy","1994","FAO TIER 1","kilotonnes","4104.9168"
"Enteric Fermentation","China","Stocks","Cattle, non-dairy","1995","FAO TIER 1","Head","96653965"
"Enteric Fermentation","China","Emissions (CH4)","Cattle, non-dairy","1995","FAO TIER 1","kilotonnes","4542.7364"
"Enteric Fermentation","China","Stocks","Cattle, non-dairy","1996","FAO TIER 1","Head","104674701"
"Enteric Fermentation","China","Emissions (CH4)","Cattle, non-dairy","1996","FAO TIER 1","kilotonnes","4919.7109"
"Enteric Fermentation","China","Stocks","Cattle, non-dairy","1997","FAO TIER 1","Head","86302475"
"Enteric Fermentation","China","Emissions (CH4)","Cattle, non-dairy","1997","FAO TIER 1","kilotonnes","4056.2163"
"Enteric Fermentation","China","Stocks","Cattle, non-dairy","1998","FAO TIER 1","Head","94774918"
"Enteric Fermentation","China","Emissions (CH4)","Cattle, non-dairy","1998","FAO TIER 1","kilotonnes","4454.4211"
"Enteric Fermentation","China","Stocks","Cattle, non-dairy","1999","FAO TIER 1","Head","97167766"
"Enteric Fermentation","China","Emissions (CH4)","Cattle, non-dairy","1999","FAO TIER 1","kilotonnes","4566.885"
"Enteric Fermentation","China","Stocks","Cattle, non-dairy","2000","FAO TIER 1","Head","99687284"
"Enteric Fermentation","China","Emissions (CH4)","Cattle, non-dairy","2000","FAO TIER 1","kilotonnes","4685.3023"
"Enteric Fermentation","China","Stocks","Cattle, non-dairy","2001","FAO TIER 1","Head","95976213"
"Enteric Fermentation","China","Emissions (CH4)","Cattle, non-dairy","2001","FAO TIER 1","kilotonnes","4510.882"
"Enteric Fermentation","China","Stocks","Cattle, non-dairy","2002","FAO TIER 1","Head","89828301"
"Enteric Fermentation","China","Emissions (CH4)","Cattle, non-dairy","2002","FAO TIER 1","kilotonnes","4221.9301"
"Enteric Fermentation","China","Stocks","Cattle, non-dairy","2003","FAO TIER 1","Head","86162032"
"Enteric Fermentation","China","Emissions (CH4)","Cattle, non-dairy","2003","FAO TIER 1","kilotonnes","4049.6155"
"Enteric Fermentation","China","Stocks","Cattle, non-dairy","2004","FAO TIER 1","Head","83215928"
"Enteric Fermentation","China","Emissions (CH4)","Cattle, non-dairy","2004","FAO TIER 1","kilotonnes","3911.1486"
"Enteric Fermentation","China","Stocks","Cattle, non-dairy","2005","FAO TIER 1","Head","78999671"
"Enteric Fermentation","China","Emissions (CH4)","Cattle, non-dairy","2005","FAO TIER 1","kilotonnes","3712.9845"
"Enteric Fermentation","China","Stocks","Cattle, non-dairy","2006","FAO TIER 1","Head","75215176"
"Enteric Fermentation","China","Emissions (CH4)","Cattle, non-dairy","2006","FAO TIER 1","kilotonnes","3535.1133"
"Enteric Fermentation","China","Stocks","Cattle, non-dairy","2007","FAO TIER 1","Head","69424551"
"Enteric Fermentation","China","Emissions (CH4)","Cattle, non-dairy","2007","FAO TIER 1","kilotonnes","3262.9539"
"Enteric Fermentation","China","Stocks","Cattle, non-dairy","2008","FAO TIER 1","Head","70427152"
"Enteric Fermentation","China","Emissions (CH4)","Cattle, non-dairy","2008","FAO TIER 1","kilotonnes","3310.0761"
"Enteric Fermentation","China","Stocks","Cattle, non-dairy","2009","FAO TIER 1","Head","58140296"
"Enteric Fermentation","China","Emissions (CH4)","Cattle, non-dairy","2009","FAO TIER 1","kilotonnes","2732.5939"
"Enteric Fermentation","China","Stocks","Cattle, non-dairy","2010","FAO TIER 1","Head","56461051"
"Enteric Fermentation","China","Emissions (CH4)","Cattle, non-dairy","2010","FAO TIER 1","kilotonnes","2653.6694"
"Enteric Fermentation","China","Stocks","Cattle, non-dairy","2011","FAO TIER 1","Head","53528442"
"Enteric Fermentation","China","Emissions (CH4)","Cattle, non-dairy","2011","FAO TIER 1","kilotonnes","2515.8368"
"Enteric Fermentation","China","Stocks","Cattle, non-dairy","2012","FAO TIER 1","Head","51895919"
"Enteric Fermentation","China","Emissions (CH4)","Cattle, non-dairy","2012","FAO TIER 1","kilotonnes","2439.1082"
"Enteric Fermentation","China","Stocks","Cattle, non-dairy","2013","FAO TIER 1","Head","50885864"
"Enteric Fermentation","China","Emissions (CH4)","Cattle, non-dairy","2013","FAO TIER 1","kilotonnes","2391.6356"
"Enteric Fermentation","China","Stocks","Cattle, non-dairy","2014","FAO TIER 1","Head","50486387"
"Enteric Fermentation","China","Emissions (CH4)","Cattle, non-dairy","2014","FAO TIER 1","kilotonnes","2372.8602"
"Enteric Fermentation","China","Stocks","Cattle, non-dairy","2015","FAO TIER 1","Head","51336771"
"Enteric Fermentation","China","Emissions (CH4)","Cattle, non-dairy","2015","FAO TIER 1","kilotonnes","2412.8282"
"Enteric Fermentation","China","Stocks","Cattle, non-dairy","2016","FAO TIER 1","Head","50821300"
"Enteric Fermentation","China","Emissions (CH4)","Cattle, non-dairy","2016","FAO TIER 1","kilotonnes","2388.6011"
"Enteric Fermentation","China","Stocks","Cattle, non-dairy","2017","FAO TIER 1","Head","49972385"
"Enteric Fermentation","China","Emissions (CH4)","Cattle, non-dairy","2017","FAO TIER 1","kilotonnes","2348.7021"
"Enteric Fermentation","Ireland","Stocks","Cattle, dairy","1961","FAO TIER 1","Head","1206000"
"Enteric Fermentation","Ireland","Emissions (CH4)","Cattle, dairy","1961","FAO TIER 1","kilotonnes","141.102"
"Enteric Fermentation","Ireland","Stocks","Cattle, dairy","1962","FAO TIER 1","Head","1220000"
"Enteric Fermentation","Ireland","Emissions (CH4)","Cattle, dairy","1962","FAO TIER 1","kilotonnes","142.74"
"Enteric Fermentation","Ireland","Stocks","Cattle, dairy","1963","FAO TIER 1","Head","1223000"
"Enteric Fermentation","Ireland","Emissions (CH4)","Cattle, dairy","1963","FAO TIER 1","kilotonnes","143.091"
"Enteric Fermentation","Ireland","Stocks","Cattle, dairy","1964","FAO TIER 1","Head","1275000"
"Enteric Fermentation","Ireland","Emissions (CH4)","Cattle, dairy","1964","FAO TIER 1","kilotonnes","149.175"
"Enteric Fermentation","Ireland","Stocks","Cattle, dairy","1965","FAO TIER 1","Head","1361000"
"Enteric Fermentation","Ireland","Emissions (CH4)","Cattle, dairy","1965","FAO TIER 1","kilotonnes","159.237"
"Enteric Fermentation","Ireland","Stocks","Cattle, dairy","1966","FAO TIER 1","Head","1400000"
"Enteric Fermentation","Ireland","Emissions (CH4)","Cattle, dairy","1966","FAO TIER 1","kilotonnes","163.8"
"Enteric Fermentation","Ireland","Stocks","Cattle, dairy","1967","FAO TIER 1","Head","1422000"
"Enteric Fermentation","Ireland","Emissions (CH4)","Cattle, dairy","1967","FAO TIER 1","kilotonnes","166.374"
"Enteric Fermentation","Ireland","Stocks","Cattle, dairy","1968","FAO TIER 1","Head","1483000"
"Enteric Fermentation","Ireland","Emissions (CH4)","Cattle, dairy","1968","FAO TIER 1","kilotonnes","173.511"
"Enteric Fermentation","Ireland","Stocks","Cattle, dairy","1969","FAO TIER 1","Head","1488000"
"Enteric Fermentation","Ireland","Emissions (CH4)","Cattle, dairy","1969","FAO TIER 1","kilotonnes","174.096"
"Enteric Fermentation","Ireland","Stocks","Cattle, dairy","1970","FAO TIER 1","Head","1419000"
"Enteric Fermentation","Ireland","Emissions (CH4)","Cattle, dairy","1970","FAO TIER 1","kilotonnes","166.023"
"Enteric Fermentation","Ireland","Stocks","Cattle, dairy","1971","FAO TIER 1","Head","1450000"
"Enteric Fermentation","Ireland","Emissions (CH4)","Cattle, dairy","1971","FAO TIER 1","kilotonnes","169.65"
"Enteric Fermentation","Ireland","Stocks","Cattle, dairy","1972","FAO TIER 1","Head","1301000"
"Enteric Fermentation","Ireland","Emissions (CH4)","Cattle, dairy","1972","FAO TIER 1","kilotonnes","152.217"
"Enteric Fermentation","Ireland","Stocks","Cattle, dairy","1973","FAO TIER 1","Head","1389000"
"Enteric Fermentation","Ireland","Emissions (CH4)","Cattle, dairy","1973","FAO TIER 1","kilotonnes","162.513"
"Enteric Fermentation","Ireland","Stocks","Cattle, dairy","1974","FAO TIER 1","Head","1431000"
"Enteric Fermentation","Ireland","Emissions (CH4)","Cattle, dairy","1974","FAO TIER 1","kilotonnes","167.427"
"Enteric Fermentation","Ireland","Stocks","Cattle, dairy","1975","FAO TIER 1","Head","1406000"
"Enteric Fermentation","Ireland","Emissions (CH4)","Cattle, dairy","1975","FAO TIER 1","kilotonnes","164.502"
"Enteric Fermentation","Ireland","Stocks","Cattle, dairy","1976","FAO TIER 1","Head","1380000"
"Enteric Fermentation","Ireland","Emissions (CH4)","Cattle, dairy","1976","FAO TIER 1","kilotonnes","161.46"
"Enteric Fermentation","Ireland","Stocks","Cattle, dairy","1977","FAO TIER 1","Head","1436000"
"Enteric Fermentation","Ireland","Emissions (CH4)","Cattle, dairy","1977","FAO TIER 1","kilotonnes","168.012"
"Enteric Fermentation","Ireland","Stocks","Cattle, dairy","1978","FAO TIER 1","Head","1484000"
"Enteric Fermentation","Ireland","Emissions (CH4)","Cattle, dairy","1978","FAO TIER 1","kilotonnes","173.628"
"Enteric Fermentation","Ireland","Stocks","Cattle, dairy","1979","FAO TIER 1","Head","1513000"
"Enteric Fermentation","Ireland","Emissions (CH4)","Cattle, dairy","1979","FAO TIER 1","kilotonnes","177.021"
"Enteric Fermentation","Ireland","Stocks","Cattle, dairy","1980","FAO TIER 1","Head","1503000"
"Enteric Fermentation","Ireland","Emissions (CH4)","Cattle, dairy","1980","FAO TIER 1","kilotonnes","175.851"
"Enteric Fermentation","Ireland","Stocks","Cattle, dairy","1981","FAO TIER 1","Head","1449000"
"Enteric Fermentation","Ireland","Emissions (CH4)","Cattle, dairy","1981","FAO TIER 1","kilotonnes","169.533"
"Enteric Fermentation","Ireland","Stocks","Cattle, dairy","1982","FAO TIER 1","Head","1458000"
"Enteric Fermentation","Ireland","Emissions (CH4)","Cattle, dairy","1982","FAO TIER 1","kilotonnes","170.586"
"Enteric Fermentation","Ireland","Stocks","Cattle, dairy","1983","FAO TIER 1","Head","1513000"
"Enteric Fermentation","Ireland","Emissions (CH4)","Cattle, dairy","1983","FAO TIER 1","kilotonnes","177.021"
"Enteric Fermentation","Ireland","Stocks","Cattle, dairy","1984","FAO TIER 1","Head","1535000"
"Enteric Fermentation","Ireland","Emissions (CH4)","Cattle, dairy","1984","FAO TIER 1","kilotonnes","179.595"
"Enteric Fermentation","Ireland","Stocks","Cattle, dairy","1985","FAO TIER 1","Head","1549300"
"Enteric Fermentation","Ireland","Emissions (CH4)","Cattle, dairy","1985","FAO TIER 1","kilotonnes","181.2681"
"Enteric Fermentation","Ireland","Stocks","Cattle, dairy","1986","FAO TIER 1","Head","1527700"
"Enteric Fermentation","Ireland","Emissions (CH4)","Cattle, dairy","1986","FAO TIER 1","kilotonnes","178.7409"
"Enteric Fermentation","Ireland","Stocks","Cattle, dairy","1987","FAO TIER 1","Head","1490400"
"Enteric Fermentation","Ireland","Emissions (CH4)","Cattle, dairy","1987","FAO TIER 1","kilotonnes","174.3768"
"Enteric Fermentation","Ireland","Stocks","Cattle, dairy","1988","FAO TIER 1","Head","1443600"
"Enteric Fermentation","Ireland","Emissions (CH4)","Cattle, dairy","1988","FAO TIER 1","kilotonnes","168.9012"
"Enteric Fermentation","Ireland","Stocks","Cattle, dairy","1989","FAO TIER 1","Head","1387000"
"Enteric Fermentation","Ireland","Emissions (CH4)","Cattle, dairy","1989","FAO TIER 1","kilotonnes","162.279"
"Enteric Fermentation","Ireland","Stocks","Cattle, dairy","1990","FAO TIER 1","Head","1342000"
"Enteric Fermentation","Ireland","Emissions (CH4)","Cattle, dairy","1990","FAO TIER 1","kilotonnes","157.014"
"Enteric Fermentation","Ireland","Stocks","Cattle, dairy","1991","FAO TIER 1","Head","1322000"
"Enteric Fermentation","Ireland","Emissions (CH4)","Cattle, dairy","1991","FAO TIER 1","kilotonnes","154.674"
"Enteric Fermentation","Ireland","Stocks","Cattle, dairy","1992","FAO TIER 1","Head","1288000"
"Enteric Fermentation","Ireland","Emissions (CH4)","Cattle, dairy","1992","FAO TIER 1","kilotonnes","150.696"
"Enteric Fermentation","Ireland","Stocks","Cattle, dairy","1993","FAO TIER 1","Head","1246200"
"Enteric Fermentation","Ireland","Emissions (CH4)","Cattle, dairy","1993","FAO TIER 1","kilotonnes","145.8054"
"Enteric Fermentation","Ireland","Stocks","Cattle, dairy","1994","FAO TIER 1","Head","1248300"
"Enteric Fermentation","Ireland","Emissions (CH4)","Cattle, dairy","1994","FAO TIER 1","kilotonnes","146.0511"
"Enteric Fermentation","Ireland","Stocks","Cattle, dairy","1995","FAO TIER 1","Head","1233000"
"Enteric Fermentation","Ireland","Emissions (CH4)","Cattle, dairy","1995","FAO TIER 1","kilotonnes","144.261"
"Enteric Fermentation","Ireland","Stocks","Cattle, dairy","1996","FAO TIER 1","Head","1220800"
"Enteric Fermentation","Ireland","Emissions (CH4)","Cattle, dairy","1996","FAO TIER 1","kilotonnes","142.8336"
"Enteric Fermentation","Ireland","Stocks","Cattle, dairy","1997","FAO TIER 1","Head","1215600"
"Enteric Fermentation","Ireland","Emissions (CH4)","Cattle, dairy","1997","FAO TIER 1","kilotonnes","142.2252"
"Enteric Fermentation","Ireland","Stocks","Cattle, dairy","1998","FAO TIER 1","Head","1201400"
"Enteric Fermentation","Ireland","Emissions (CH4)","Cattle, dairy","1998","FAO TIER 1","kilotonnes","140.5638"
"Enteric Fermentation","Ireland","Stocks","Cattle, dairy","1999","FAO TIER 1","Head","1198800"
"Enteric Fermentation","Ireland","Emissions (CH4)","Cattle, dairy","1999","FAO TIER 1","kilotonnes","140.2596"
"Enteric Fermentation","Ireland","Stocks","Cattle, dairy","2000","FAO TIER 1","Head","1177500"
"Enteric Fermentation","Ireland","Emissions (CH4)","Cattle, dairy","2000","FAO TIER 1","kilotonnes","137.7675"
"Enteric Fermentation","Ireland","Stocks","Cattle, dairy","2001","FAO TIER 1","Head","1182500"
"Enteric Fermentation","Ireland","Emissions (CH4)","Cattle, dairy","2001","FAO TIER 1","kilotonnes","138.3525"
"Enteric Fermentation","Ireland","Stocks","Cattle, dairy","2002","FAO TIER 1","Head","1164100"
"Enteric Fermentation","Ireland","Emissions (CH4)","Cattle, dairy","2002","FAO TIER 1","kilotonnes","136.1997"
"Enteric Fermentation","Ireland","Stocks","Cattle, dairy","2003","FAO TIER 1","Head","1155600"
"Enteric Fermentation","Ireland","Emissions (CH4)","Cattle, dairy","2003","FAO TIER 1","kilotonnes","135.2052"
"Enteric Fermentation","Ireland","Stocks","Cattle, dairy","2004","FAO TIER 1","Head","1156100"
"Enteric Fermentation","Ireland","Emissions (CH4)","Cattle, dairy","2004","FAO TIER 1","kilotonnes","135.2637"
"Enteric Fermentation","Ireland","Stocks","Cattle, dairy","2005","FAO TIER 1","Head","1055100"
"Enteric Fermentation","Ireland","Emissions (CH4)","Cattle, dairy","2005","FAO TIER 1","kilotonnes","123.4467"
"Enteric Fermentation","Ireland","Stocks","Cattle, dairy","2006","FAO TIER 1","Head","1084700"
"Enteric Fermentation","Ireland","Emissions (CH4)","Cattle, dairy","2006","FAO TIER 1","kilotonnes","126.9099"
"Enteric Fermentation","Ireland","Stocks","Cattle, dairy","2007","FAO TIER 1","Head","1089800"
"Enteric Fermentation","Ireland","Emissions (CH4)","Cattle, dairy","2007","FAO TIER 1","kilotonnes","127.5066"
"Enteric Fermentation","Ireland","Stocks","Cattle, dairy","2008","FAO TIER 1","Head","1095200"
"Enteric Fermentation","Ireland","Emissions (CH4)","Cattle, dairy","2008","FAO TIER 1","kilotonnes","128.1384"
"Enteric Fermentation","Ireland","Stocks","Cattle, dairy","2009","FAO TIER 1","Head","1096700"
"Enteric Fermentation","Ireland","Emissions (CH4)","Cattle, dairy","2009","FAO TIER 1","kilotonnes","128.3139"
"Enteric Fermentation","Ireland","Stocks","Cattle, dairy","2010","FAO TIER 1","Head","1070800"
"Enteric Fermentation","Ireland","Emissions (CH4)","Cattle, dairy","2010","FAO TIER 1","kilotonnes","125.2836"
"Enteric Fermentation","Ireland","Stocks","Cattle, dairy","2011","FAO TIER 1","Head","1116900"
"Enteric Fermentation","Ireland","Emissions (CH4)","Cattle, dairy","2011","FAO TIER 1","kilotonnes","130.6773"
"Enteric Fermentation","Ireland","Stocks","Cattle, dairy","2012","FAO TIER 1","Head","1140800"
"Enteric Fermentation","Ireland","Emissions (CH4)","Cattle, dairy","2012","FAO TIER 1","kilotonnes","133.4736"
"Enteric Fermentation","Ireland","Stocks","Cattle, dairy","2013","FAO TIER 1","Head","1163200"
"Enteric Fermentation","Ireland","Emissions (CH4)","Cattle, dairy","2013","FAO TIER 1","kilotonnes","136.0944"
"Enteric Fermentation","Ireland","Stocks","Cattle, dairy","2014","FAO TIER 1","Head","1226400"
"Enteric Fermentation","Ireland","Emissions (CH4)","Cattle, dairy","2014","FAO TIER 1","kilotonnes","143.4888"
"Enteric Fermentation","Ireland","Stocks","Cattle, dairy","2015","FAO TIER 1","Head","1295800"
"Enteric Fermentation","Ireland","Emissions (CH4)","Cattle, dairy","2015","FAO TIER 1","kilotonnes","151.6086"
"Enteric Fermentation","Ireland","Stocks","Cattle, dairy","2016","FAO TIER 1","Head","1397900"
"Enteric Fermentation","Ireland","Emissions (CH4)","Cattle, dairy","2016","FAO TIER 1","kilotonnes","163.5543"
"Enteric Fermentation","Ireland","Stocks","Cattle, dairy","2017","FAO TIER 1","Head","1432687"
"Enteric Fermentation","Ireland","Emissions (CH4)","Cattle, dairy","2017","FAO TIER 1","kilotonnes","167.6244"
"Enteric Fermentation","Ireland","Stocks","Cattle, non-dairy","1961","FAO TIER 1","Head","3085200"
"Enteric Fermentation","Ireland","Emissions (CH4)","Cattle, non-dairy","1961","FAO TIER 1","kilotonnes","175.8564"
"Enteric Fermentation","Ireland","Stocks","Cattle, non-dairy","1962","FAO TIER 1","Head","2959200"
"Enteric Fermentation","Ireland","Emissions (CH4)","Cattle, non-dairy","1962","FAO TIER 1","kilotonnes","168.6744"
"Enteric Fermentation","Ireland","Stocks","Cattle, non-dairy","1963","FAO TIER 1","Head","3077600"
"Enteric Fermentation","Ireland","Emissions (CH4)","Cattle, non-dairy","1963","FAO TIER 1","kilotonnes","175.4232"
"Enteric Fermentation","Ireland","Stocks","Cattle, non-dairy","1964","FAO TIER 1","Head","3093800"
"Enteric Fermentation","Ireland","Emissions (CH4)","Cattle, non-dairy","1964","FAO TIER 1","kilotonnes","176.3466"
"Enteric Fermentation","Ireland","Stocks","Cattle, non-dairy","1965","FAO TIER 1","Head","3163200"
"Enteric Fermentation","Ireland","Emissions (CH4)","Cattle, non-dairy","1965","FAO TIER 1","kilotonnes","180.3024"
"Enteric Fermentation","Ireland","Stocks","Cattle, non-dairy","1966","FAO TIER 1","Head","3545700"
"Enteric Fermentation","Ireland","Emissions (CH4)","Cattle, non-dairy","1966","FAO TIER 1","kilotonnes","202.1049"
"Enteric Fermentation","Ireland","Stocks","Cattle, non-dairy","1967","FAO TIER 1","Head","3727900"
"Enteric Fermentation","Ireland","Emissions (CH4)","Cattle, non-dairy","1967","FAO TIER 1","kilotonnes","212.4903"
"Enteric Fermentation","Ireland","Stocks","Cattle, non-dairy","1968","FAO TIER 1","Head","3547300"
"Enteric Fermentation","Ireland","Emissions (CH4)","Cattle, non-dairy","1968","FAO TIER 1","kilotonnes","202.1961"
"Enteric Fermentation","Ireland","Stocks","Cattle, non-dairy","1969","FAO TIER 1","Head","3598300"
"Enteric Fermentation","Ireland","Emissions (CH4)","Cattle, non-dairy","1969","FAO TIER 1","kilotonnes","205.1031"
"Enteric Fermentation","Ireland","Stocks","Cattle, non-dairy","1970","FAO TIER 1","Head","3810000"
"Enteric Fermentation","Ireland","Emissions (CH4)","Cattle, non-dairy","1970","FAO TIER 1","kilotonnes","217.17"
"Enteric Fermentation","Ireland","Stocks","Cattle, non-dairy","1971","FAO TIER 1","Head","3955000"
"Enteric Fermentation","Ireland","Emissions (CH4)","Cattle, non-dairy","1971","FAO TIER 1","kilotonnes","225.435"
"Enteric Fermentation","Ireland","Stocks","Cattle, non-dairy","1972","FAO TIER 1","Head","4215000"
"Enteric Fermentation","Ireland","Emissions (CH4)","Cattle, non-dairy","1972","FAO TIER 1","kilotonnes","240.255"
"Enteric Fermentation","Ireland","Stocks","Cattle, non-dairy","1973","FAO TIER 1","Head","4556700"
"Enteric Fermentation","Ireland","Emissions (CH4)","Cattle, non-dairy","1973","FAO TIER 1","kilotonnes","259.7319"
"Enteric Fermentation","Ireland","Stocks","Cattle, non-dairy","1974","FAO TIER 1","Head","4977000"
"Enteric Fermentation","Ireland","Emissions (CH4)","Cattle, non-dairy","1974","FAO TIER 1","kilotonnes","283.689"
"Enteric Fermentation","Ireland","Stocks","Cattle, non-dairy","1975","FAO TIER 1","Head","5093600"
"Enteric Fermentation","Ireland","Emissions (CH4)","Cattle, non-dairy","1975","FAO TIER 1","kilotonnes","290.3352"
"Enteric Fermentation","Ireland","Stocks","Cattle, non-dairy","1976","FAO TIER 1","Head","4833700"
"Enteric Fermentation","Ireland","Emissions (CH4)","Cattle, non-dairy","1976","FAO TIER 1","kilotonnes","275.5209"
"Enteric Fermentation","Ireland","Stocks","Cattle, non-dairy","1977","FAO TIER 1","Head","4774000"
"Enteric Fermentation","Ireland","Emissions (CH4)","Cattle, non-dairy","1977","FAO TIER 1","kilotonnes","272.118"
"Enteric Fermentation","Ireland","Stocks","Cattle, non-dairy","1978","FAO TIER 1","Head","4761500"
"Enteric Fermentation","Ireland","Emissions (CH4)","Cattle, non-dairy","1978","FAO TIER 1","kilotonnes","271.4055"
"Enteric Fermentation","Ireland","Stocks","Cattle, non-dairy","1979","FAO TIER 1","Head","4619100"
"Enteric Fermentation","Ireland","Emissions (CH4)","Cattle, non-dairy","1979","FAO TIER 1","kilotonnes","263.2887"
"Enteric Fermentation","Ireland","Stocks","Cattle, non-dairy","1980","FAO TIER 1","Head","4667900"
"Enteric Fermentation","Ireland","Emissions (CH4)","Cattle, non-dairy","1980","FAO TIER 1","kilotonnes","266.0703"
"Enteric Fermentation","Ireland","Stocks","Cattle, non-dairy","1981","FAO TIER 1","Head","4376500"
"Enteric Fermentation","Ireland","Emissions (CH4)","Cattle, non-dairy","1981","FAO TIER 1","kilotonnes","249.4605"
"Enteric Fermentation","Ireland","Stocks","Cattle, non-dairy","1982","FAO TIER 1","Head","4305200"
"Enteric Fermentation","Ireland","Emissions (CH4)","Cattle, non-dairy","1982","FAO TIER 1","kilotonnes","245.3964"
"Enteric Fermentation","Ireland","Stocks","Cattle, non-dairy","1983","FAO TIER 1","Head","4282200"
"Enteric Fermentation","Ireland","Emissions (CH4)","Cattle, non-dairy","1983","FAO TIER 1","kilotonnes","244.0854"
"Enteric Fermentation","Ireland","Stocks","Cattle, non-dairy","1984","FAO TIER 1","Head","4295500"
"Enteric Fermentation","Ireland","Emissions (CH4)","Cattle, non-dairy","1984","FAO TIER 1","kilotonnes","244.8435"
"Enteric Fermentation","Ireland","Stocks","Cattle, non-dairy","1985","FAO TIER 1","Head","4311600"
"Enteric Fermentation","Ireland","Emissions (CH4)","Cattle, non-dairy","1985","FAO TIER 1","kilotonnes","245.7612"
"Enteric Fermentation","Ireland","Stocks","Cattle, non-dairy","1986","FAO TIER 1","Head","4285300"
"Enteric Fermentation","Ireland","Emissions (CH4)","Cattle, non-dairy","1986","FAO TIER 1","kilotonnes","244.2621"
"Enteric Fermentation","Ireland","Stocks","Cattle, non-dairy","1987","FAO TIER 1","Head","4179900"
"Enteric Fermentation","Ireland","Emissions (CH4)","Cattle, non-dairy","1987","FAO TIER 1","kilotonnes","238.2543"
"Enteric Fermentation","Ireland","Stocks","Cattle, non-dairy","1988","FAO TIER 1","Head","4189100"
"Enteric Fermentation","Ireland","Emissions (CH4)","Cattle, non-dairy","1988","FAO TIER 1","kilotonnes","238.7787"
"Enteric Fermentation","Ireland","Stocks","Cattle, non-dairy","1989","FAO TIER 1","Head","4311700"
"Enteric Fermentation","Ireland","Emissions (CH4)","Cattle, non-dairy","1989","FAO TIER 1","kilotonnes","245.7669"
"Enteric Fermentation","Ireland","Stocks","Cattle, non-dairy","1990","FAO TIER 1","Head","4627100"
"Enteric Fermentation","Ireland","Emissions (CH4)","Cattle, non-dairy","1990","FAO TIER 1","kilotonnes","263.7447"
"Enteric Fermentation","Ireland","Stocks","Cattle, non-dairy","1991","FAO TIER 1","Head","4778500"
"Enteric Fermentation","Ireland","Emissions (CH4)","Cattle, non-dairy","1991","FAO TIER 1","kilotonnes","272.3745"
"Enteric Fermentation","Ireland","Stocks","Cattle, non-dairy","1992","FAO TIER 1","Head","4859400"
"Enteric Fermentation","Ireland","Emissions (CH4)","Cattle, non-dairy","1992","FAO TIER 1","kilotonnes","276.9858"
"Enteric Fermentation","Ireland","Stocks","Cattle, non-dairy","1993","FAO TIER 1","Head","4990200"
"Enteric Fermentation","Ireland","Emissions (CH4)","Cattle, non-dairy","1993","FAO TIER 1","kilotonnes","284.4414"
"Enteric Fermentation","Ireland","Stocks","Cattle, non-dairy","1994","FAO TIER 1","Head","5015600"
"Enteric Fermentation","Ireland","Emissions (CH4)","Cattle, non-dairy","1994","FAO TIER 1","kilotonnes","285.8892"
"Enteric Fermentation","Ireland","Stocks","Cattle, non-dairy","1995","FAO TIER 1","Head","5110900"
"Enteric Fermentation","Ireland","Emissions (CH4)","Cattle, non-dairy","1995","FAO TIER 1","kilotonnes","291.3213"
"Enteric Fermentation","Ireland","Stocks","Cattle, non-dairy","1996","FAO TIER 1","Head","5229800"
"Enteric Fermentation","Ireland","Emissions (CH4)","Cattle, non-dairy","1996","FAO TIER 1","kilotonnes","298.0986"
"Enteric Fermentation","Ireland","Stocks","Cattle, non-dairy","1997","FAO TIER 1","Head","5445300"
"Enteric Fermentation","Ireland","Emissions (CH4)","Cattle, non-dairy","1997","FAO TIER 1","kilotonnes","310.3821"
"Enteric Fermentation","Ireland","Stocks","Cattle, non-dairy","1998","FAO TIER 1","Head","5680200"
"Enteric Fermentation","Ireland","Emissions (CH4)","Cattle, non-dairy","1998","FAO TIER 1","kilotonnes","323.7714"
"Enteric Fermentation","Ireland","Stocks","Cattle, non-dairy","1999","FAO TIER 1","Head","5752900"
"Enteric Fermentation","Ireland","Emissions (CH4)","Cattle, non-dairy","1999","FAO TIER 1","kilotonnes","327.9153"
"Enteric Fermentation","Ireland","Stocks","Cattle, non-dairy","2000","FAO TIER 1","Head","5859900"
"Enteric Fermentation","Ireland","Emissions (CH4)","Cattle, non-dairy","2000","FAO TIER 1","kilotonnes","334.0143"
"Enteric Fermentation","Ireland","Stocks","Cattle, non-dairy","2001","FAO TIER 1","Head","5867200"
"Enteric Fermentation","Ireland","Emissions (CH4)","Cattle, non-dairy","2001","FAO TIER 1","kilotonnes","334.4304"
"Enteric Fermentation","Ireland","Stocks","Cattle, non-dairy","2002","FAO TIER 1","Head","5828100"
"Enteric Fermentation","Ireland","Emissions (CH4)","Cattle, non-dairy","2002","FAO TIER 1","kilotonnes","332.2017"
"Enteric Fermentation","Ireland","Stocks","Cattle, non-dairy","2003","FAO TIER 1","Head","5843900"
"Enteric Fermentation","Ireland","Emissions (CH4)","Cattle, non-dairy","2003","FAO TIER 1","kilotonnes","333.1023"
"Enteric Fermentation","Ireland","Stocks","Cattle, non-dairy","2004","FAO TIER 1","Head","5859500"
"Enteric Fermentation","Ireland","Emissions (CH4)","Cattle, non-dairy","2004","FAO TIER 1","kilotonnes","333.9915"
"Enteric Fermentation","Ireland","Stocks","Cattle, non-dairy","2005","FAO TIER 1","Head","5936700"
"Enteric Fermentation","Ireland","Emissions (CH4)","Cattle, non-dairy","2005","FAO TIER 1","kilotonnes","338.3919"
"Enteric Fermentation","Ireland","Stocks","Cattle, non-dairy","2006","FAO TIER 1","Head","5893100"
"Enteric Fermentation","Ireland","Emissions (CH4)","Cattle, non-dairy","2006","FAO TIER 1","kilotonnes","335.9067"
"Enteric Fermentation","Ireland","Stocks","Cattle, non-dairy","2007","FAO TIER 1","Head","5801100"
"Enteric Fermentation","Ireland","Emissions (CH4)","Cattle, non-dairy","2007","FAO TIER 1","kilotonnes","330.6627"
"Enteric Fermentation","Ireland","Stocks","Cattle, non-dairy","2008","FAO TIER 1","Head","5806900"
"Enteric Fermentation","Ireland","Emissions (CH4)","Cattle, non-dairy","2008","FAO TIER 1","kilotonnes","330.9933"
"Enteric Fermentation","Ireland","Stocks","Cattle, non-dairy","2009","FAO TIER 1","Head","5794000"
"Enteric Fermentation","Ireland","Emissions (CH4)","Cattle, non-dairy","2009","FAO TIER 1","kilotonnes","330.258"
"Enteric Fermentation","Ireland","Stocks","Cattle, non-dairy","2010","FAO TIER 1","Head","5535800"
"Enteric Fermentation","Ireland","Emissions (CH4)","Cattle, non-dairy","2010","FAO TIER 1","kilotonnes","315.5406"
"Enteric Fermentation","Ireland","Stocks","Cattle, non-dairy","2011","FAO TIER 1","Head","5376100"
"Enteric Fermentation","Ireland","Emissions (CH4)","Cattle, non-dairy","2011","FAO TIER 1","kilotonnes","306.4377"
"Enteric Fermentation","Ireland","Stocks","Cattle, non-dairy","2012","FAO TIER 1","Head","5613300"
"Enteric Fermentation","Ireland","Emissions (CH4)","Cattle, non-dairy","2012","FAO TIER 1","kilotonnes","319.9581"
"Enteric Fermentation","Ireland","Stocks","Cattle, non-dairy","2013","FAO TIER 1","Head","5739400"
"Enteric Fermentation","Ireland","Emissions (CH4)","Cattle, non-dairy","2013","FAO TIER 1","kilotonnes","327.1458"
"Enteric Fermentation","Ireland","Stocks","Cattle, non-dairy","2014","FAO TIER 1","Head","5699700"
"Enteric Fermentation","Ireland","Emissions (CH4)","Cattle, non-dairy","2014","FAO TIER 1","kilotonnes","324.8829"
"Enteric Fermentation","Ireland","Stocks","Cattle, non-dairy","2015","FAO TIER 1","Head","5667700"
"Enteric Fermentation","Ireland","Emissions (CH4)","Cattle, non-dairy","2015","FAO TIER 1","kilotonnes","323.0589"
"Enteric Fermentation","Ireland","Stocks","Cattle, non-dairy","2016","FAO TIER 1","Head","5823300"
"Enteric Fermentation","Ireland","Emissions (CH4)","Cattle, non-dairy","2016","FAO TIER 1","kilotonnes","331.9281"
"Enteric Fermentation","Ireland","Stocks","Cattle, non-dairy","2017","FAO TIER 1","Head","5930811"
"Enteric Fermentation","Ireland","Emissions (CH4)","Cattle, non-dairy","2017","FAO TIER 1","kilotonnes","338.0562"
"Enteric Fermentation","United States of America","Stocks","Cattle, dairy","1961","FAO TIER 1","Head","17243008"
"Enteric Fermentation","United States of America","Emissions (CH4)","Cattle, dairy","1961","FAO TIER 1","kilotonnes","2207.105"
"Enteric Fermentation","United States of America","Stocks","Cattle, dairy","1962","FAO TIER 1","Head","16842000"
"Enteric Fermentation","United States of America","Emissions (CH4)","Cattle, dairy","1962","FAO TIER 1","kilotonnes","2155.776"
"Enteric Fermentation","United States of America","Stocks","Cattle, dairy","1963","FAO TIER 1","Head","16260000"
"Enteric Fermentation","United States of America","Emissions (CH4)","Cattle, dairy","1963","FAO TIER 1","kilotonnes","2081.28"
"Enteric Fermentation","United States of America","Stocks","Cattle, dairy","1964","FAO TIER 1","Head","15677000"
"Enteric Fermentation","United States of America","Emissions (CH4)","Cattle, dairy","1964","FAO TIER 1","kilotonnes","2006.656"
"Enteric Fermentation","United States of America","Stocks","Cattle, dairy","1965","FAO TIER 1","Head","14954000"
"Enteric Fermentation","United States of America","Emissions (CH4)","Cattle, dairy","1965","FAO TIER 1","kilotonnes","1914.112"
"Enteric Fermentation","United States of America","Stocks","Cattle, dairy","1966","FAO TIER 1","Head","14071000"
"Enteric Fermentation","United States of America","Emissions (CH4)","Cattle, dairy","1966","FAO TIER 1","kilotonnes","1801.088"
"Enteric Fermentation","United States of America","Stocks","Cattle, dairy","1967","FAO TIER 1","Head","13415000"
"Enteric Fermentation","United States of America","Emissions (CH4)","Cattle, dairy","1967","FAO TIER 1","kilotonnes","1717.12"
"Enteric Fermentation","United States of America","Stocks","Cattle, dairy","1968","FAO TIER 1","Head","12832000"
"Enteric Fermentation","United States of America","Emissions (CH4)","Cattle, dairy","1968","FAO TIER 1","kilotonnes","1642.496"
"Enteric Fermentation","United States of America","Stocks","Cattle, dairy","1969","FAO TIER 1","Head","12307000"
"Enteric Fermentation","United States of America","Emissions (CH4)","Cattle, dairy","1969","FAO TIER 1","kilotonnes","1575.296"
"Enteric Fermentation","United States of America","Stocks","Cattle, dairy","1970","FAO TIER 1","Head","12000000"
"Enteric Fermentation","United States of America","Emissions (CH4)","Cattle, dairy","1970","FAO TIER 1","kilotonnes","1536"
"Enteric Fermentation","United States of America","Stocks","Cattle, dairy","1971","FAO TIER 1","Head","11839000"
"Enteric Fermentation","United States of America","Emissions (CH4)","Cattle, dairy","1971","FAO TIER 1","kilotonnes","1515.392"
"Enteric Fermentation","United States of America","Stocks","Cattle, dairy","1972","FAO TIER 1","Head","11700000"
"Enteric Fermentation","United States of America","Emissions (CH4)","Cattle, dairy","1972","FAO TIER 1","kilotonnes","1497.6"
"Enteric Fermentation","United States of America","Stocks","Cattle, dairy","1973","FAO TIER 1","Head","11413000"
"Enteric Fermentation","United States of America","Emissions (CH4)","Cattle, dairy","1973","FAO TIER 1","kilotonnes","1460.864"
"Enteric Fermentation","United States of America","Stocks","Cattle, dairy","1974","FAO TIER 1","Head","11230000"
"Enteric Fermentation","United States of America","Emissions (CH4)","Cattle, dairy","1974","FAO TIER 1","kilotonnes","1437.44"
"Enteric Fermentation","United States of America","Stocks","Cattle, dairy","1975","FAO TIER 1","Head","11139000"
"Enteric Fermentation","United States of America","Emissions (CH4)","Cattle, dairy","1975","FAO TIER 1","kilotonnes","1425.792"
"Enteric Fermentation","United States of America","Stocks","Cattle, dairy","1976","FAO TIER 1","Head","11032000"
"Enteric Fermentation","United States of America","Emissions (CH4)","Cattle, dairy","1976","FAO TIER 1","kilotonnes","1412.096"
"Enteric Fermentation","United States of America","Stocks","Cattle, dairy","1977","FAO TIER 1","Head","10945000"
"Enteric Fermentation","United States of America","Emissions (CH4)","Cattle, dairy","1977","FAO TIER 1","kilotonnes","1400.96"
"Enteric Fermentation","United States of America","Stocks","Cattle, dairy","1978","FAO TIER 1","Head","10803000"
"Enteric Fermentation","United States of America","Emissions (CH4)","Cattle, dairy","1978","FAO TIER 1","kilotonnes","1382.784"
"Enteric Fermentation","United States of America","Stocks","Cattle, dairy","1979","FAO TIER 1","Head","10734000"
"Enteric Fermentation","United States of America","Emissions (CH4)","Cattle, dairy","1979","FAO TIER 1","kilotonnes","1373.952"
"Enteric Fermentation","United States of America","Stocks","Cattle, dairy","1980","FAO TIER 1","Head","10799000"
"Enteric Fermentation","United States of America","Emissions (CH4)","Cattle, dairy","1980","FAO TIER 1","kilotonnes","1382.272"
"Enteric Fermentation","United States of America","Stocks","Cattle, dairy","1981","FAO TIER 1","Head","10898000"
"Enteric Fermentation","United States of America","Emissions (CH4)","Cattle, dairy","1981","FAO TIER 1","kilotonnes","1394.944"
"Enteric Fermentation","United States of America","Stocks","Cattle, dairy","1982","FAO TIER 1","Head","11011000"
"Enteric Fermentation","United States of America","Emissions (CH4)","Cattle, dairy","1982","FAO TIER 1","kilotonnes","1409.408"
"Enteric Fermentation","United States of America","Stocks","Cattle, dairy","1983","FAO TIER 1","Head","11059000"
"Enteric Fermentation","United States of America","Emissions (CH4)","Cattle, dairy","1983","FAO TIER 1","kilotonnes","1415.552"
"Enteric Fermentation","United States of America","Stocks","Cattle, dairy","1984","FAO TIER 1","Head","10793000"
"Enteric Fermentation","United States of America","Emissions (CH4)","Cattle, dairy","1984","FAO TIER 1","kilotonnes","1381.504"
"Enteric Fermentation","United States of America","Stocks","Cattle, dairy","1985","FAO TIER 1","Head","10981000"
"Enteric Fermentation","United States of America","Emissions (CH4)","Cattle, dairy","1985","FAO TIER 1","kilotonnes","1405.568"
"Enteric Fermentation","United States of America","Stocks","Cattle, dairy","1986","FAO TIER 1","Head","10773000"
"Enteric Fermentation","United States of America","Emissions (CH4)","Cattle, dairy","1986","FAO TIER 1","kilotonnes","1378.944"
"Enteric Fermentation","United States of America","Stocks","Cattle, dairy","1987","FAO TIER 1","Head","10327000"
"Enteric Fermentation","United States of America","Emissions (CH4)","Cattle, dairy","1987","FAO TIER 1","kilotonnes","1321.856"
"Enteric Fermentation","United States of America","Stocks","Cattle, dairy","1988","FAO TIER 1","Head","10224000"
"Enteric Fermentation","United States of America","Emissions (CH4)","Cattle, dairy","1988","FAO TIER 1","kilotonnes","1308.672"
"Enteric Fermentation","United States of America","Stocks","Cattle, dairy","1989","FAO TIER 1","Head","10046000"
"Enteric Fermentation","United States of America","Emissions (CH4)","Cattle, dairy","1989","FAO TIER 1","kilotonnes","1285.888"
"Enteric Fermentation","United States of America","Stocks","Cattle, dairy","1990","FAO TIER 1","Head","9993000"
"Enteric Fermentation","United States of America","Emissions (CH4)","Cattle, dairy","1990","FAO TIER 1","kilotonnes","1279.104"
"Enteric Fermentation","United States of America","Stocks","Cattle, dairy","1991","FAO TIER 1","Head","9826000"
"Enteric Fermentation","United States of America","Emissions (CH4)","Cattle, dairy","1991","FAO TIER 1","kilotonnes","1257.728"
"Enteric Fermentation","United States of America","Stocks","Cattle, dairy","1992","FAO TIER 1","Head","9688000"
"Enteric Fermentation","United States of America","Emissions (CH4)","Cattle, dairy","1992","FAO TIER 1","kilotonnes","1240.064"
"Enteric Fermentation","United States of America","Stocks","Cattle, dairy","1993","FAO TIER 1","Head","9581000"
"Enteric Fermentation","United States of America","Emissions (CH4)","Cattle, dairy","1993","FAO TIER 1","kilotonnes","1226.368"
"Enteric Fermentation","United States of America","Stocks","Cattle, dairy","1994","FAO TIER 1","Head","9494000"
"Enteric Fermentation","United States of America","Emissions (CH4)","Cattle, dairy","1994","FAO TIER 1","kilotonnes","1215.232"
"Enteric Fermentation","United States of America","Stocks","Cattle, dairy","1995","FAO TIER 1","Head","9466000"
"Enteric Fermentation","United States of America","Emissions (CH4)","Cattle, dairy","1995","FAO TIER 1","kilotonnes","1211.648"
"Enteric Fermentation","United States of America","Stocks","Cattle, dairy","1996","FAO TIER 1","Head","9372000"
"Enteric Fermentation","United States of America","Emissions (CH4)","Cattle, dairy","1996","FAO TIER 1","kilotonnes","1199.616"
"Enteric Fermentation","United States of America","Stocks","Cattle, dairy","1997","FAO TIER 1","Head","9252000"
"Enteric Fermentation","United States of America","Emissions (CH4)","Cattle, dairy","1997","FAO TIER 1","kilotonnes","1184.256"
"Enteric Fermentation","United States of America","Stocks","Cattle, dairy","1998","FAO TIER 1","Head","9151000"
"Enteric Fermentation","United States of America","Emissions (CH4)","Cattle, dairy","1998","FAO TIER 1","kilotonnes","1171.328"
"Enteric Fermentation","United States of America","Stocks","Cattle, dairy","1999","FAO TIER 1","Head","9153000"
"Enteric Fermentation","United States of America","Emissions (CH4)","Cattle, dairy","1999","FAO TIER 1","kilotonnes","1171.584"
"Enteric Fermentation","United States of America","Stocks","Cattle, dairy","2000","FAO TIER 1","Head","9199000"
"Enteric Fermentation","United States of America","Emissions (CH4)","Cattle, dairy","2000","FAO TIER 1","kilotonnes","1177.472"
"Enteric Fermentation","United States of America","Stocks","Cattle, dairy","2001","FAO TIER 1","Head","9103000"
"Enteric Fermentation","United States of America","Emissions (CH4)","Cattle, dairy","2001","FAO TIER 1","kilotonnes","1165.184"
"Enteric Fermentation","United States of America","Stocks","Cattle, dairy","2002","FAO TIER 1","Head","9139000"
"Enteric Fermentation","United States of America","Emissions (CH4)","Cattle, dairy","2002","FAO TIER 1","kilotonnes","1169.792"
"Enteric Fermentation","United States of America","Stocks","Cattle, dairy","2003","FAO TIER 1","Head","9081000"
"Enteric Fermentation","United States of America","Emissions (CH4)","Cattle, dairy","2003","FAO TIER 1","kilotonnes","1162.368"
"Enteric Fermentation","United States of America","Stocks","Cattle, dairy","2004","FAO TIER 1","Head","9010000"
"Enteric Fermentation","United States of America","Emissions (CH4)","Cattle, dairy","2004","FAO TIER 1","kilotonnes","1153.28"
"Enteric Fermentation","United States of America","Stocks","Cattle, dairy","2005","FAO TIER 1","Head","9050000"
"Enteric Fermentation","United States of America","Emissions (CH4)","Cattle, dairy","2005","FAO TIER 1","kilotonnes","1158.4"
"Enteric Fermentation","United States of America","Stocks","Cattle, dairy","2006","FAO TIER 1","Head","9137000"
"Enteric Fermentation","United States of America","Emissions (CH4)","Cattle, dairy","2006","FAO TIER 1","kilotonnes","1169.536"
"Enteric Fermentation","United States of America","Stocks","Cattle, dairy","2007","FAO TIER 1","Head","9189000"
"Enteric Fermentation","United States of America","Emissions (CH4)","Cattle, dairy","2007","FAO TIER 1","kilotonnes","1176.192"
"Enteric Fermentation","United States of America","Stocks","Cattle, dairy","2008","FAO TIER 1","Head","9314000"
"Enteric Fermentation","United States of America","Emissions (CH4)","Cattle, dairy","2008","FAO TIER 1","kilotonnes","1192.192"
"Enteric Fermentation","United States of America","Stocks","Cattle, dairy","2009","FAO TIER 1","Head","9202000"
"Enteric Fermentation","United States of America","Emissions (CH4)","Cattle, dairy","2009","FAO TIER 1","kilotonnes","1177.856"
"Enteric Fermentation","United States of America","Stocks","Cattle, dairy","2010","FAO TIER 1","Head","9123000"
"Enteric Fermentation","United States of America","Emissions (CH4)","Cattle, dairy","2010","FAO TIER 1","kilotonnes","1167.744"
"Enteric Fermentation","United States of America","Stocks","Cattle, dairy","2011","FAO TIER 1","Head","9199000"
"Enteric Fermentation","United States of America","Emissions (CH4)","Cattle, dairy","2011","FAO TIER 1","kilotonnes","1177.472"
"Enteric Fermentation","United States of America","Stocks","Cattle, dairy","2012","FAO TIER 1","Head","9237000"
"Enteric Fermentation","United States of America","Emissions (CH4)","Cattle, dairy","2012","FAO TIER 1","kilotonnes","1182.336"
"Enteric Fermentation","United States of America","Stocks","Cattle, dairy","2013","FAO TIER 1","Head","9224000"
"Enteric Fermentation","United States of America","Emissions (CH4)","Cattle, dairy","2013","FAO TIER 1","kilotonnes","1180.672"
"Enteric Fermentation","United States of America","Stocks","Cattle, dairy","2014","FAO TIER 1","Head","9257000"
"Enteric Fermentation","United States of America","Emissions (CH4)","Cattle, dairy","2014","FAO TIER 1","kilotonnes","1184.896"
"Enteric Fermentation","United States of America","Stocks","Cattle, dairy","2015","FAO TIER 1","Head","9306900"
"Enteric Fermentation","United States of America","Emissions (CH4)","Cattle, dairy","2015","FAO TIER 1","kilotonnes","1191.2832"
"Enteric Fermentation","United States of America","Stocks","Cattle, dairy","2016","FAO TIER 1","Head","9312400"
"Enteric Fermentation","United States of America","Emissions (CH4)","Cattle, dairy","2016","FAO TIER 1","kilotonnes","1191.9872"
"Enteric Fermentation","United States of America","Stocks","Cattle, dairy","2017","FAO TIER 1","Head","9368500"
"Enteric Fermentation","United States of America","Emissions (CH4)","Cattle, dairy","2017","FAO TIER 1","kilotonnes","1199.168"
"Enteric Fermentation","United States of America","Stocks","Cattle, non-dairy","1961","FAO TIER 1","Head","80456992"
"Enteric Fermentation","United States of America","Emissions (CH4)","Cattle, non-dairy","1961","FAO TIER 1","kilotonnes","4264.2206"
"Enteric Fermentation","United States of America","Stocks","Cattle, non-dairy","1962","FAO TIER 1","Head","83527008"
"Enteric Fermentation","United States of America","Emissions (CH4)","Cattle, non-dairy","1962","FAO TIER 1","kilotonnes","4426.9314"
"Enteric Fermentation","United States of America","Stocks","Cattle, non-dairy","1963","FAO TIER 1","Head","88228000"
"Enteric Fermentation","United States of America","Emissions (CH4)","Cattle, non-dairy","1963","FAO TIER 1","kilotonnes","4676.084"
"Enteric Fermentation","United States of America","Stocks","Cattle, non-dairy","1964","FAO TIER 1","Head","92226008"
"Enteric Fermentation","United States of America","Emissions (CH4)","Cattle, non-dairy","1964","FAO TIER 1","kilotonnes","4887.9784"
"Enteric Fermentation","United States of America","Stocks","Cattle, non-dairy","1965","FAO TIER 1","Head","94046000"
"Enteric Fermentation","United States of America","Emissions (CH4)","Cattle, non-dairy","1965","FAO TIER 1","kilotonnes","4984.438"
"Enteric Fermentation","United States of America","Stocks","Cattle, non-dairy","1966","FAO TIER 1","Head","94791000"
"Enteric Fermentation","United States of America","Emissions (CH4)","Cattle, non-dairy","1966","FAO TIER 1","kilotonnes","5023.923"
"Enteric Fermentation","United States of America","Stocks","Cattle, non-dairy","1967","FAO TIER 1","Head","95368008"
"Enteric Fermentation","United States of America","Emissions (CH4)","Cattle, non-dairy","1967","FAO TIER 1","kilotonnes","5054.5044"
"Enteric Fermentation","United States of America","Stocks","Cattle, non-dairy","1968","FAO TIER 1","Head","96539008"
"Enteric Fermentation","United States of America","Emissions (CH4)","Cattle, non-dairy","1968","FAO TIER 1","kilotonnes","5116.5674"
"Enteric Fermentation","United States of America","Stocks","Cattle, non-dairy","1969","FAO TIER 1","Head","97708008"
"Enteric Fermentation","United States of America","Emissions (CH4)","Cattle, non-dairy","1969","FAO TIER 1","kilotonnes","5178.5244"
"Enteric Fermentation","United States of America","Stocks","Cattle, non-dairy","1970","FAO TIER 1","Head","100369008"
"Enteric Fermentation","United States of America","Emissions (CH4)","Cattle, non-dairy","1970","FAO TIER 1","kilotonnes","5319.5574"
"Enteric Fermentation","United States of America","Stocks","Cattle, non-dairy","1971","FAO TIER 1","Head","102739000"
"Enteric Fermentation","United States of America","Emissions (CH4)","Cattle, non-dairy","1971","FAO TIER 1","kilotonnes","5445.167"
"Enteric Fermentation","United States of America","Stocks","Cattle, non-dairy","1972","FAO TIER 1","Head","106162000"
"Enteric Fermentation","United States of America","Emissions (CH4)","Cattle, non-dairy","1972","FAO TIER 1","kilotonnes","5626.586"
"Enteric Fermentation","United States of America","Stocks","Cattle, non-dairy","1973","FAO TIER 1","Head","110126008"
"Enteric Fermentation","United States of America","Emissions (CH4)","Cattle, non-dairy","1973","FAO TIER 1","kilotonnes","5836.6784"
"Enteric Fermentation","United States of America","Stocks","Cattle, non-dairy","1974","FAO TIER 1","Head","116558000"
"Enteric Fermentation","United States of America","Emissions (CH4)","Cattle, non-dairy","1974","FAO TIER 1","kilotonnes","6177.574"
"Enteric Fermentation","United States of America","Stocks","Cattle, non-dairy","1975","FAO TIER 1","Head","120889000"
"Enteric Fermentation","United States of America","Emissions (CH4)","Cattle, non-dairy","1975","FAO TIER 1","kilotonnes","6407.117"
"Enteric Fermentation","United States of America","Stocks","Cattle, non-dairy","1976","FAO TIER 1","Head","116948000"
"Enteric Fermentation","United States of America","Emissions (CH4)","Cattle, non-dairy","1976","FAO TIER 1","kilotonnes","6198.244"
"Enteric Fermentation","United States of America","Stocks","Cattle, non-dairy","1977","FAO TIER 1","Head","111865000"
"Enteric Fermentation","United States of America","Emissions (CH4)","Cattle, non-dairy","1977","FAO TIER 1","kilotonnes","5928.845"
"Enteric Fermentation","United States of America","Stocks","Cattle, non-dairy","1978","FAO TIER 1","Head","105572008"
"Enteric Fermentation","United States of America","Emissions (CH4)","Cattle, non-dairy","1978","FAO TIER 1","kilotonnes","5595.3164"
"Enteric Fermentation","United States of America","Stocks","Cattle, non-dairy","1979","FAO TIER 1","Head","100130000"
"Enteric Fermentation","United States of America","Emissions (CH4)","Cattle, non-dairy","1979","FAO TIER 1","kilotonnes","5306.89"
"Enteric Fermentation","United States of America","Stocks","Cattle, non-dairy","1980","FAO TIER 1","Head","100443000"
"Enteric Fermentation","United States of America","Emissions (CH4)","Cattle, non-dairy","1980","FAO TIER 1","kilotonnes","5323.479"
"Enteric Fermentation","United States of America","Stocks","Cattle, non-dairy","1981","FAO TIER 1","Head","103453008"
"Enteric Fermentation","United States of America","Emissions (CH4)","Cattle, non-dairy","1981","FAO TIER 1","kilotonnes","5483.0094"
"Enteric Fermentation","United States of America","Stocks","Cattle, non-dairy","1982","FAO TIER 1","Head","104433000"
"Enteric Fermentation","United States of America","Emissions (CH4)","Cattle, non-dairy","1982","FAO TIER 1","kilotonnes","5534.949"
"Enteric Fermentation","United States of America","Stocks","Cattle, non-dairy","1983","FAO TIER 1","Head","103942008"
"Enteric Fermentation","United States of America","Emissions (CH4)","Cattle, non-dairy","1983","FAO TIER 1","kilotonnes","5508.9264"
"Enteric Fermentation","United States of America","Stocks","Cattle, non-dairy","1984","FAO TIER 1","Head","102567000"
"Enteric Fermentation","United States of America","Emissions (CH4)","Cattle, non-dairy","1984","FAO TIER 1","kilotonnes","5436.051"
"Enteric Fermentation","United States of America","Stocks","Cattle, non-dairy","1985","FAO TIER 1","Head","98601000"
"Enteric Fermentation","United States of America","Emissions (CH4)","Cattle, non-dairy","1985","FAO TIER 1","kilotonnes","5225.853"
"Enteric Fermentation","United States of America","Stocks","Cattle, non-dairy","1986","FAO TIER 1","Head","94605000"
"Enteric Fermentation","United States of America","Emissions (CH4)","Cattle, non-dairy","1986","FAO TIER 1","kilotonnes","5014.065"
"Enteric Fermentation","United States of America","Stocks","Cattle, non-dairy","1987","FAO TIER 1","Head","91791000"
"Enteric Fermentation","United States of America","Emissions (CH4)","Cattle, non-dairy","1987","FAO TIER 1","kilotonnes","4864.923"
"Enteric Fermentation","United States of America","Stocks","Cattle, non-dairy","1988","FAO TIER 1","Head","89398000"
"Enteric Fermentation","United States of America","Emissions (CH4)","Cattle, non-dairy","1988","FAO TIER 1","kilotonnes","4738.094"
"Enteric Fermentation","United States of America","Stocks","Cattle, non-dairy","1989","FAO TIER 1","Head","86694000"
"Enteric Fermentation","United States of America","Emissions (CH4)","Cattle, non-dairy","1989","FAO TIER 1","kilotonnes","4594.782"
"Enteric Fermentation","United States of America","Stocks","Cattle, non-dairy","1990","FAO TIER 1","Head","85823000"
"Enteric Fermentation","United States of America","Emissions (CH4)","Cattle, non-dairy","1990","FAO TIER 1","kilotonnes","4548.619"
"Enteric Fermentation","United States of America","Stocks","Cattle, non-dairy","1991","FAO TIER 1","Head","86567000"
"Enteric Fermentation","United States of America","Emissions (CH4)","Cattle, non-dairy","1991","FAO TIER 1","kilotonnes","4588.051"
"Enteric Fermentation","United States of America","Stocks","Cattle, non-dairy","1992","FAO TIER 1","Head","87868000"
"Enteric Fermentation","United States of America","Emissions (CH4)","Cattle, non-dairy","1992","FAO TIER 1","kilotonnes","4657.004"
"Enteric Fermentation","United States of America","Stocks","Cattle, non-dairy","1993","FAO TIER 1","Head","89594900"
"Enteric Fermentation","United States of America","Emissions (CH4)","Cattle, non-dairy","1993","FAO TIER 1","kilotonnes","4748.5297"
"Enteric Fermentation","United States of America","Stocks","Cattle, non-dairy","1994","FAO TIER 1","Head","91479600"
"Enteric Fermentation","United States of America","Emissions (CH4)","Cattle, non-dairy","1994","FAO TIER 1","kilotonnes","4848.4188"
"Enteric Fermentation","United States of America","Stocks","Cattle, non-dairy","1995","FAO TIER 1","Head","93319200"
"Enteric Fermentation","United States of America","Emissions (CH4)","Cattle, non-dairy","1995","FAO TIER 1","kilotonnes","4945.9176"
"Enteric Fermentation","United States of America","Stocks","Cattle, non-dairy","1996","FAO TIER 1","Head","94176200"
"Enteric Fermentation","United States of America","Emissions (CH4)","Cattle, non-dairy","1996","FAO TIER 1","kilotonnes","4991.3386"
"Enteric Fermentation","United States of America","Stocks","Cattle, non-dairy","1997","FAO TIER 1","Head","92403700"
"Enteric Fermentation","United States of America","Emissions (CH4)","Cattle, non-dairy","1997","FAO TIER 1","kilotonnes","4897.3961"
"Enteric Fermentation","United States of America","Stocks","Cattle, non-dairy","1998","FAO TIER 1","Head","90593000"
"Enteric Fermentation","United States of America","Emissions (CH4)","Cattle, non-dairy","1998","FAO TIER 1","kilotonnes","4801.429"
"Enteric Fermentation","United States of America","Stocks","Cattle, non-dairy","1999","FAO TIER 1","Head","89962000"
"Enteric Fermentation","United States of America","Emissions (CH4)","Cattle, non-dairy","1999","FAO TIER 1","kilotonnes","4767.986"
"Enteric Fermentation","United States of America","Stocks","Cattle, non-dairy","2000","FAO TIER 1","Head","89000000"
"Enteric Fermentation","United States of America","Emissions (CH4)","Cattle, non-dairy","2000","FAO TIER 1","kilotonnes","4717"
"Enteric Fermentation","United States of America","Stocks","Cattle, non-dairy","2001","FAO TIER 1","Head","88194500"
"Enteric Fermentation","United States of America","Emissions (CH4)","Cattle, non-dairy","2001","FAO TIER 1","kilotonnes","4674.3085"
"Enteric Fermentation","United States of America","Stocks","Cattle, non-dairy","2002","FAO TIER 1","Head","87584000"
"Enteric Fermentation","United States of America","Emissions (CH4)","Cattle, non-dairy","2002","FAO TIER 1","kilotonnes","4641.952"
"Enteric Fermentation","United States of America","Stocks","Cattle, non-dairy","2003","FAO TIER 1","Head","87019000"
"Enteric Fermentation","United States of America","Emissions (CH4)","Cattle, non-dairy","2003","FAO TIER 1","kilotonnes","4612.007"
"Enteric Fermentation","United States of America","Stocks","Cattle, non-dairy","2004","FAO TIER 1","Head","85878000"
"Enteric Fermentation","United States of America","Emissions (CH4)","Cattle, non-dairy","2004","FAO TIER 1","kilotonnes","4551.534"
"Enteric Fermentation","United States of America","Stocks","Cattle, non-dairy","2005","FAO TIER 1","Head","85968000"
"Enteric Fermentation","United States of America","Emissions (CH4)","Cattle, non-dairy","2005","FAO TIER 1","kilotonnes","4556.304"
"Enteric Fermentation","United States of America","Stocks","Cattle, non-dairy","2006","FAO TIER 1","Head","87564504"
"Enteric Fermentation","United States of America","Emissions (CH4)","Cattle, non-dairy","2006","FAO TIER 1","kilotonnes","4640.9187"
"Enteric Fermentation","United States of America","Stocks","Cattle, non-dairy","2007","FAO TIER 1","Head","87384000"
"Enteric Fermentation","United States of America","Emissions (CH4)","Cattle, non-dairy","2007","FAO TIER 1","kilotonnes","4631.352"
"Enteric Fermentation","United States of America","Stocks","Cattle, non-dairy","2008","FAO TIER 1","Head","86720500"
"Enteric Fermentation","United States of America","Emissions (CH4)","Cattle, non-dairy","2008","FAO TIER 1","kilotonnes","4596.1865"
"Enteric Fermentation","United States of America","Stocks","Cattle, non-dairy","2009","FAO TIER 1","Head","85519000"
"Enteric Fermentation","United States of America","Emissions (CH4)","Cattle, non-dairy","2009","FAO TIER 1","kilotonnes","4532.507"
"Enteric Fermentation","United States of America","Stocks","Cattle, non-dairy","2010","FAO TIER 1","Head","84958200"
"Enteric Fermentation","United States of America","Emissions (CH4)","Cattle, non-dairy","2010","FAO TIER 1","kilotonnes","4502.7846"
"Enteric Fermentation","United States of America","Stocks","Cattle, non-dairy","2011","FAO TIER 1","Head","83688400"
"Enteric Fermentation","United States of America","Emissions (CH4)","Cattle, non-dairy","2011","FAO TIER 1","kilotonnes","4435.4852"
"Enteric Fermentation","United States of America","Stocks","Cattle, non-dairy","2012","FAO TIER 1","Head","81923200"
"Enteric Fermentation","United States of America","Emissions (CH4)","Cattle, non-dairy","2012","FAO TIER 1","kilotonnes","4341.9296"
"Enteric Fermentation","United States of America","Stocks","Cattle, non-dairy","2013","FAO TIER 1","Head","80871200"
"Enteric Fermentation","United States of America","Emissions (CH4)","Cattle, non-dairy","2013","FAO TIER 1","kilotonnes","4286.1736"
"Enteric Fermentation","United States of America","Stocks","Cattle, non-dairy","2014","FAO TIER 1","Head","79269000"
"Enteric Fermentation","United States of America","Emissions (CH4)","Cattle, non-dairy","2014","FAO TIER 1","kilotonnes","4201.257"
"Enteric Fermentation","United States of America","Stocks","Cattle, non-dairy","2015","FAO TIER 1","Head","79836100"
"Enteric Fermentation","United States of America","Emissions (CH4)","Cattle, non-dairy","2015","FAO TIER 1","kilotonnes","4231.3133"
"Enteric Fermentation","United States of America","Stocks","Cattle, non-dairy","2016","FAO TIER 1","Head","82575600"
"Enteric Fermentation","United States of America","Emissions (CH4)","Cattle, non-dairy","2016","FAO TIER 1","kilotonnes","4376.5068"
"Enteric Fermentation","United States of America","Stocks","Cattle, non-dairy","2017","FAO TIER 1","Head","84256100"
"Enteric Fermentation","United States of America","Emissions (CH4)","Cattle, non-dairy","2017","FAO TIER 1","kilotonnes","4465.5733"
